title,summary,date,category,url
消費糾紛​怒砸Apple專賣店　竟是四海幫前中常委,因Apple電腦消費糾紛，前黑道大哥竟怒砸店洩憤！四海幫前中常委林全定（62歲），日前購買7萬多元的Apple電腦後，與店家有消費糾紛，昨天晚間7時許帶著球棒，跑到台北市信義區新光三越A11館Apple專賣店與店員理論，林男表示因不滿刷卡退費入帳太慢，遂與店員發生爭吵，甚至抄起球棒砸壞店內玻璃櫃，店內客人被林男突來舉動嚇的全部跑光，一名讀者將砸店過程拍下向《蘋果新聞網》爆料，警方獲報後趕到現場，立即將林男帶回警局，訊後依違反毀損罪、恐嚇罪嫌送辦，昨深夜台北地檢署複訊後，已將他請回，但限制住居。據了解，該名砸店男子來頭不小，林全定曾擔任四海幫的中常委，在幫派內算是一位老大哥，但目前在中國經商居多，現在已經比較少在台灣出沒。林上周到Apple店內購買一台7萬多元的Apple電腦，刷卡後發現忘記要求打統編，於是要店員退刷款項再重新刷卡後離去。但昨天晚間7時許，林男獨自一人拿著球棒跑到店內，不滿上周退刷的款項為何遲遲還沒入賬而與店員理論，店員解釋後林男在場仍不滿並大聲咆哮，過程還不斷直呼自己的全名，覺得店員竟然不認識他，並拿起球棒在店內猛砸，砸毀店內玻璃櫃等物品，店家見狀趕緊報案求助。警方到場後林男仍火氣未消，在店家堅持提告下，警員立即將林姓男子依現行犯逮捕，並依違反毀損罪嫌、恐嚇罪嫌帶回派出所偵訊。目前該專櫃已暫停營業，店員僅表示稍早有發生一些消費糾紛，詳細原因要由總公司統一回應，並不方便透露。 林全定被帶回派出所時，並不願說明事情原委，警方訊後依違反毀損罪、恐嚇罪嫌，將他移送台北地檢署複訊，而昨深夜11時許，台北地檢署也出現不少小弟迎接林全定，目前已將他請回，但限制住居。（突發、法庭中心／台北報導） 《蘋果新聞網》表示，本則影片或照片是投訴人獨家提供《蘋果》，若其他媒體未取得授權逕行翻攝，也未註明出處，《蘋果》必訴諸法律，以保障權益。 《蘋果新聞網》歡迎讀者加入監督社會，向《蘋果》獨家提供照片、影片，經採用可獲獎金，照片一千，影片兩千元，若該則新聞自刊登起24小時的點擊次數，創下當周所有「爆料新聞」的最高數字，還可獲得10萬元獎金。請參考活動網址：http://www.appledaily.com.tw/complainevent/,2019-08-13 02:00:00,社會,https://tw.news.appledaily.com/local/realtime/20190813/1615836/
港人蒙眼怒吼　黑警還眼,香港警察暴力鎮壓、近距離開槍射傷示威少女右眼，引爆香港人怒火，約5、6000巿民響應網民號召，昨天中午到香港國際機場抗議。不少人以白、紅或黑色紗布蒙眼，抗議警方打傷少女眼睛，恐導致她全盲失明。有示威者說，「已經不想再多說，還隻眼睛來。」昨天下午近2時，抗議民眾幾乎擠爆機場整個接機大廳，示威者手持標語來回走動，也有人大喊口號，包括「黑警還眼」、「沒有暴徙只有暴政」、「香港警察知法犯法」等，但秩序大致良好。20多歲的李小姐昨天不上班，特別與媽媽黃女士到機場參加抗議，她們以白布蒙眼，手持「黑警還眼」、及警察意圖謀殺巿民的英文字句標語，李小姐已是第四度到機場抗議，稱自己跟所有有良知香港人一樣，希望用自己的方法繼續發聲，不撤不離。黃女士說自己每次遊行都參加，痛批「香港政府做錯事，林鄭不代表她。」她也痛心被警察射爆眼球的少女，表示「自己也有女兒，受傷少女跟自己女兒年紀不會相差太多。警察自己有女兒吧，不懂為何這樣對她」。示威民眾林先生用黑布蒙上一隻眼睛，在身上貼標語抗議，批評警方以橡膠子彈射傷市民，希望政府對市民要有回應，但是香港政府很沒有用，又允許警察打市民。林先生說，自己抗議雖累，但跟前線抗爭者比較，仍微不足道，會一直站出來。戴上頭盔、口罩、眼罩抗議的陳小姐，這次是做無聲抗議，她接受香港《蘋果》採訪時指出，6月12日合法集會時曾被警方用催淚彈對付，最生氣香港警察不斷變本加厲、濫權，而香港政府卻拒絕回應訴求。她說：「如果香港政府一開始肯撤回，就不會發生後續的事。」陳小姐與好人友王小姐都用黑布條矇眼方式參加抗議，更手持Pepe「青蛙」的卡通畫表示對少女眼部受傷的憤怒，他們接受網媒「香港01」訪問時指出，針對前天被港警射傷眼睛的少女感到難過，「已經不想再多說，還隻眼睛來」。香港近2個多月來的示威活動越來越激進，民眾認同度也越來越高。香港中文大學新聞與傳播學院院長李立峯等學者組成的研究團隊在6月9日至8月4日所做的問卷調查發現，受訪者贊成「在政府一意孤行的情況下，抗爭者使用武力是可以理解的」的比率，在6月16日僅69.1％受訪者表示「贊成」或「非常贊成」。在7月1日，贊成比率上升至83.5％，到7月21日、7月27日及8月4日，比率都飆破90％。示威運動一直以年輕人為主軸，調查結果與此觀感吻合，調查發現參與者年齡在20至30歲間、教育程度高，超過一半的示威者曾參與2014年雨傘運動。受訪者自稱屬中產階層者，比自稱下層階級的人多。調查另發現，溫和民主派是示威者中堅力量，其次是廣義的本土派。（大陸中心／綜合外電報導）,2019-08-13 01:40:00,國際,https://tw.news.appledaily.com/international/realtime/20190813/1615830/
香港國泰員工堅持和平集會　央視主播譏：no zuo no die,香港示威活動持續，國泰航空及國泰港龍航空員工發表聲明指，對打壓員工參與和平示威表示極度遺憾。中國大陸隨即發動國家宣傳機器連番反撲，央視新聞新媒體在網路平台「抖音」推出新節目《主播說聯播》，前天主播康輝特別提及國泰航空，指作為香港航空公司，近期的一系列所作所為真的對不起這個名字，批評國泰員工參加非法集會，還叫囂「搞衰旅遊業，讓遊客不敢來香港」，簡直是笑話。康輝指，前天《新聞聯播》報導了香港各界支持大陸民航局，向國泰航空發出重大航空安全風險警示。隨後，國泰航空行政總裁何杲向員工發信，表示昨天機場的示威未獲當局許可，故會被視為「非法示威」；又警告支持或參與非法示威的員工將受紀律處分，包括被解僱。康輝說：「國泰航空不是自稱為香港服務嗎？現在在服務誰呢？這麼折騰下去，恐怕不是遊客敢不敢來香港的問題，而是敢不敢坐國泰航班的問題。還是善意提醒一句：不作不死。哦，還聽說國泰航空有些人員聽到普通話就假裝聽不懂，那講英文好了：No zuo no die。」美國俚語詞典Urban Dictionary早於2014年已收錄「no zuo no die」，中文是「不作死就不會死」，與粵語中「作死」、「自食其果」意思相近。（大陸中心／綜合外電報導）,2019-08-13 01:39:00,國際,https://tw.news.appledaily.com/international/realtime/20190813/1615833/
瘋警射瞎少女　萬人癱瘓機場討公道,香港國際機場史無前例遭示威人潮擠爆、全面癱瘓！港警前夜瞄準示威者頭部發射催淚彈致一女右眼眼球爆裂的惡行，引全港譁然。無可計數的黑衣港人響應「黑警還眼，百萬人塞爆機場」活動，昨午起湧入機場，以靜坐、默站甚至慢步繞圈行走方式示威。儘管祭出多種管制，無法阻擋大批示威民眾以步行進入機場。港當局昨下午3時許迫宣布取消航班且重開時間未定。機場內一度因示威者過多塞爆網路導致斷網。儘管傳言稱港警將無視規則秩序，悍然在機場內發射催淚彈驅離示威者，但黑衣人潮至深夜仍堅守不退。港機場的癱瘓除影響至少40班台港航班，8千多民眾行程受阻外，香港越演越烈的警民衝突也成國人關注焦點。總統蔡英文昨對香港情勢表達憂慮，並強調香港政府以暴力鎮壓無法解決問題，籲其應認真面對民眾訴求。至於「台灣會否成為第二個香港」的憂心，蔡英文霸氣強調，「只要有我在，不用擔心台灣變成第二個香港」。而中國國務院港澳辦昨則首度以「出現恐怖主義苗頭」等強硬詞彙形容港人示威，欲藉此為下一步「武力鎮壓示威」預埋合理化說法的企圖明顯。連續兩個多月的香港「逆權運動」港警濫暴與濫捕已成為港人抗爭焦點。而前晚示威港警竟罔顧港人集體安全，選擇在封閉的地鐵站內，以瞄準示威者頭部方式發射大量催淚彈與布袋彈，導致至少56人受傷送院，其中更有一名少女右眼眼球爆裂失明。殘暴行徑點燃港人集體怒火，網友發起昨日集體塞爆機場示威動，誓言要為前日受傷的女子「討回眼睛」。大批穿著黑衣民眾從中午起陸續湧入機場入境大廳，民眾以黑布遮眼，或是以白紗布蓋住右眼球向受傷女子表達聲援。以黑布蒙眼的陳姓女子與王姓女子坦言前晚聞訊後輾轉難眠，今日不得不站出來，並稱「已經沒有什麼要（對政府）講，只要（港警）還隻眼來」。與此前連續三天的「萬人接機」不同，昨日示威群眾除了坐滿機場入境大廳外，各樓層平台也站滿示威者，甚至因人數過多擠爆機場原訂的封鎖線，逐步「佔領」離境大廳。示威者有的不斷繞圈漫步行走並高喊「五大訴求 缺一不可」、「黑警還眼」等口號，有人則以休息為由，坐滿登機櫃台周遭空地，甚至連出鏡檢查口都被示威人潮擠爆。示威者擠爆機場內所有區域，迫使機場運作癱瘓，香港機管局於昨下午3時半緊急宣布取消航班，至少230班出入境班機受影響。且至今日早上8時前的所有亞洲往返香港航班也被取消，機場重開時間未定。港府昨在記者會上則全面卸責，強調港人的機場示威，正讓「香港付出沉重的代價」，對港府與港警的濫暴濫捕行徑則隻字不提，還語帶威脅地表示「只有確保乘客、工作人員等人安全後，才會考慮重開機場」，意圖把香港機場癱瘓的責任全部轉嫁給示威者。參與機場靜坐的文姓女子坦言：「警察無差別打市民，民眾已到『頂不住』的一個點」。對於港警在地鐵站內放催淚彈，還派便衣警員假扮示威者引起混亂等做法，文女痛批「知法犯法，瘋狂到極點」。至於港府堅拒譴責警方暴行、縱容白衣暴徒無差別攻擊，文女哽咽稱「究竟誰可以幫到我們」，對政權暴力的無奈盡顯。（大陸中心／綜合外電報導） 在機場全面癱瘓後，機場內的網路一度因為使用人潮過多而無法連線，再加上有傳言稱警方將對機場示威暴力清場，多數示威者為避免無謂傷亡，於傍晚5時許開始撤離機場。然而因聯絡機場與市區間的「機場快線」搭乘人數過多，再加上部分原本行經機場的客運巴士為避免堵塞而臨時繞開機場，大批撤離的示威者與旅客在疏散交通工具缺乏，以及香港機場員工幾乎「全體消失」，無人指引下只好改以徒步方式走出機場島。沿途有部分私人轎車經過時主動向民眾提供食物補給，並願意接載民眾離開。有甫搭機自台灣抵港的陳姓港人坦言，機場集會雖然人很多，但過程和平，不明白為何當局要停飛航班，質疑下令者「自己心虛」。另一名徒步出走出機場範圍的港人梁先生則批評安排混亂，「機場沒有職員（指示），讓遊客感到迷惘」。儘管多數示威者在傍晚陸續離開機場，但至昨晚仍有數百黑衣人徹夜留守，堅持不散。另一方面，4百多名社福界人士以及港人，昨晚齊聚灣仔警察總部外請願，要求警方交代前晚在各地鐵站內濫暴的行動細節，並要求香港特首林鄭月娥成立獨立調查委員會，追究警方暴力。參與的社福界人士宣布發起無限期罷工，包圍警總並高喊「收信」。示威過程中有部分民眾唱聖詩，另有民眾手持印有「香港警察，知法犯法」、「香港警察，蓄意謀殺」等海報表達不滿。至晚間八時許，警總內終於派遣警員接信，前後只現身約20秒。而包圍警署的示威者至晚間9時許逐步散去，過程平和。,2019-08-13 01:30:00,國際,https://tw.news.appledaily.com/international/realtime/20190813/1615829/
警察暴力無上限　港人募資登報控恐襲,「喪盡天良！」在眾目睽睽及媒體鏡頭下，從近距離行刑式開槍掃射、到以布袋彈打爆少女眼球，再到地鐵站內發射催淚彈、從扶手電梯推落示威者等，港警前天以空前暴力手段，肆無忌憚地對付「反送中」抗爭民眾，寫下讓港人極度心痛的一日。港人控警「811恐襲」形同犯下戰爭罪行，已集資將於後天在全球登報控訴。前天晚間11時，港鐵太古站宛如人間煉獄。多名速龍小隊成員衝入，向大批示威者近距離開槍，在不到一公尺距離內瘋狂掃射，彷彿意不在制伏對方，而是「發洩般地，把對方當成是靶」。其他防暴警察則亂棍毆打，無視於示威者已被制服在地，還出腳狂踢其頭部；甚至將示威者推落扶手電梯；大批示威者血濺當場，不斷向後退，現場一片混亂。在銅鑼灣，則傳出有港警穿上黑衣黑褲、戴口罩混入人群，伺機制伏、拘捕多名示威者。民眾目擊有3名戴著防毒面罩的黑衣男子，在示威人群挑起打鬥，再以棍棒毆打示威者，待大批鎮暴警察湧出、制伏示威者時，3人高喊「自己人、自己人」，並掏出綠色螢光棒，獲得警員放行。跨夜後，在荃灣更傳出白衣人圍毆救護人員，而港警卻再度集體失蹤的「無警時刻」。香港警方昨召開記者會，再度將811示威者形容為「目無王法」、有組織的「暴徒」。警務處副處長鄧炳強稱，前天單日共拘捕149名男女，而6、7月份共約有700名示威者被捕。他坦承有警員喬裝成黑衣人，但拒認是假扮示威者臥底。不過，港警協會前主席陳祖光卻向中共官媒《環球時報》說：「這是非法集會，所有參加者都犯法。警察用便裝或被稱的『混入』，只要是依法執行，都是正確，就如同派?底入黑社會一樣」。國際媒體也大肆報導港警「幾乎沒有克制」動暴，包括英國廣播公司、美國《紐約時報》等媒體，重點均放在警方在葵芳港鐵站內，發射不應在室內使用、若過量吸入或長時間吸入均可致命的催淚彈。另外，港警昨在記者會上也首度坦承，曾使用「過期」催淚彈，但強調不會對公眾帶來更多傷害。針對港警暴力，香港網友發起8月17日在全球登報的募資活動。募資網頁指出，港人這兩個月來受盡暴力和非人道對待，遠超出文明社會可接受的範圍，「8.11的黑警暴力更已達到恐怖襲擊、戰爭罪行的程度」，例如港鐵站內施放催淚煙霧、近距離向人群開槍，甚至射爆人眼及無差別攻擊等惡行。活動不到兩小時，已迅速達標，募得百萬美元（約3136萬元台幣）。昨截稿前，總金額更逼近200萬美元（約6272萬元台幣）。（大陸中心／綜合外電報導） ,2019-08-13 01:26:00,國際,https://tw.news.appledaily.com/international/realtime/20190813/1615831/
美參院多數黨領袖：北京任何暴力鎮壓將「完全不能接受」,香港局勢進一步升溫，港警濫暴在國際引來反彈，美國參議院共和黨領袖麥康奈（Mitch McConnell）周一警告，北京任何在香港的暴力鎮壓將會是「完全不能接受」。麥康奈在社群網站推特表示，「正當北京嘗試侵蝕香港人的自治和自由時，香港人正勇敢地站起來對抗中共……任何在香港的暴力鎮壓將會是『完全不能接受』……全世界都在看。」（國際中心／綜合外電報導）,2019-08-13 01:11:00,國際,https://tw.news.appledaily.com/international/realtime/20190813/1615828/
港警闖入濫射　300街坊圍太古站要求港鐵交代,香港8月11日多區爆發警民衝突，其中港鐵太古站C出口更變成人間煉獄，多人被防暴警用警棍無差別襲擊，甚至有速龍小隊於不到一米的距離以胡椒球槍瘋狂掃射。有太古居民昨天發起「守護我城」的活動，強烈譴責警方前晚在太古站內暴力執法，至昨晚8時，大約100名市民於太古站C出口外聚集，並在附近築起連儂牆，貼上多幅海報及memo紙，表達心意，期間亦有人用投映機舉行放映會，重播警方周日濫用暴力對待市民的片段。放映會期間，附近的AEON百貨其中一個出口拉下鐵門，呼籲市民使用其他出入口。放映會後，約300名街坊到太古站包圍大廳車務控制室，要求港鐵交代什麼情況下才會容許警方入內拘捕，港鐵職員稱會收集街坊的問題，稍後透過港鐵公關回覆。事件擾攘至晚間11時，現場仍有大批居民在場，質問港鐵職員。（香港《蘋果動新聞》報導）,2019-08-13 00:56:00,國際,https://tw.news.appledaily.com/international/realtime/20190813/1615826/
周杰倫為昆凌慶生玩親親　老蕭被閃瞎「排醫院眼角膜」,昆凌12日26歲生日，老公周杰倫（周董）接近午夜時刻在IG寫上「Happy birthday to my sweetie.」還附上兩人親吻照片，周董難得尺度大開，閃瞎眾人，連他的好哥們蕭敬騰（老蕭）也忍不住說：「我已經在排醫院眼角膜。」 周董跟昆凌結婚近5年依舊恩愛甜蜜，日前情人節，兩人肩靠著肩看夕陽，浪漫破表。這次周董帶昆凌到曼谷慶生，在生日當天選擇上Sky bar搭配浪漫夜景，他送上名牌包造型的翻糖蛋糕。更讓粉絲驚訝的是，夫妻倆婚後雖然放閃不斷，但很少直接親吻，紛紛留言「真是活久見」、「眼睛很痛」。（李志展/綜合報導）  ,2019-08-13 00:56:00,娛樂時尚,https://tw.entertainment.appledaily.com/realtime/20190813/1615827/
【私菸案】檢調首度直搗總統府侍衛室　1軍官20萬交保,台北地檢署偵辦國安局私菸案，昨天再度展開搜索約談行動，除再度到華航搜索空品處某經理辦公室，並同步約談華航與軍方10餘人，此外專案小組昨也首度赴總統府侍衛室調取資料。昨晚新北市調處陸續移送華航空品處前經理沈珉及多名總統府侍衛室人員到北檢接受複訊，檢方訊後於今天凌晨依涉犯貪污罪將一名侍衛室軍官林志建諭令20萬交保，這是繼少校吳宗憲、張恒嘉遭收押後，首位遭交保的侍衛室人員。檢調昨天一鼓作氣傳喚多名華航及侍衛室人員，據悉主要是要追查「機邊交貨」是誰放行的，並向上溯源。所謂的「機邊交貨」指的是，菸品沒上飛機，直接從倉庫被運走，可規避海關查驗，而一般乘客預購機上免稅菸品，菸品都會跟著上飛機，旅客取貨後也要通關，若有超量很有可能被查獲而遭沒收或裁罰。交通部8月2日公布華航提交的行政調查報告，更揭露總統專機免稅菸品未依規定上飛機，而改採違法的「機邊交貨」模式始於2016年3月前總統馬英九任內最後一次出訪中美洲的「久安專案」。這起國安特勤走私免稅菸案自7月22日爆發以來，北檢已陸續訊問國安局、華航相關團購私菸者，截至目前共14人被列為被告，其中包括華航空品處前副總邱彰信涉犯圖利罪嫌被以70萬元交保、前資深副總羅雅美則以被告身分暫先請回，國安局少校吳宗憲、張恒嘉則因涉貪污罪遭收押禁見。 而新任國安局長邱國正2日開記者會報告檢討進度時更預告會對私菸案「下重手」，據透露，76名涉私菸案的國安特勤人員，將全數調離現職；首波調離的20人，都是負責蔡總統近身維安的永和警衛室特勤幹部及官員。 國安局在2日提出的檢討報告指出，私菸案76人涉案，包括國安局本部4人、特勤中心19人、特勤訓練中心2人、侍衛室49人、憲兵警衛大隊2人。據透露，首波調職人員20人，已達永和警衛室現有人員近1/5；遭調職最高職位是永和警衛室少將主任陳逸夫，調回陸軍司令部擔任委員一職；永和警衛室警情組長楊文津上校調回海軍任職。(呂志明/台北報導),2019-08-13 00:47:00,社會,https://tw.news.appledaily.com/local/realtime/20190813/1615825/
【台港停飛1】黑潮癱瘓香港機場！ 周一、二台港線66航班取消,反修訂《逃犯條例》引發的示威持續，民眾昨(8/12)再發起於香港機場集會，抗議警方使用過度武力，要求政府回應「五大訴求」等，由於航站大樓十分擁擠，機場運作受到嚴重影響，香港機場管理局昨16時起宣布，除已完成登機程序的離港航班及正前往香港的抵港航班外，昨日其餘所有航班已全部取消。桃園機場昨日初步統計影響航班在客機部分，出境19架次，入境16架次；貨機部分，出境2架次，入境3架次，全部受影響客貨機總計40架次。國泰航空及國泰港龍航空昨晚11時多宣佈，由於受香港國際機場公眾集會影響，今日(8月13日)往來台灣-香港及其他航線仍有9班取消，建議乘客延遲非必要行程。所有即將搭乘航班的乘客，應在出發前先行查看航班狀況。 8月13日往來台灣-香港航班取消如下：台北-香港 CX463/403/469/445/KA485，香港-台北KA486/CX474，高雄-香港KA451，香港-高雄KA432。知情人士透露，香港機場預計自昨日16時以後，除已完成登機程序的離港航班及正前往香港的抵港航班外，其餘所有航班已全部取消，該措施預計會持續到今早8時，過明今天8時之後狀況如何，目前都無法確定，得視抗議狀況而定。（甘芝萁／台北報導）,2019-08-13 00:33:00,生活,https://tw.news.appledaily.com/life/realtime/20190813/1615823/
​北宜公路坪林段貨車失控　翻覆撞山壁2傷,新北市坪林區北宜公路昨晚9時許，發生貨車翻覆意外，一輛滿載西瓜的大貨車，行經北宜公路43.7公里坪林路段時，疑因過彎時失控，導致整輛貨車翻覆，後方經過的車輛駕駛見狀立即報警，警消趕抵後，立即將駕駛及乘客送醫治療，所幸皆無生命危險。 據了解，26歲的林姓男子，昨晚駕駛大貨車載運西瓜，從北宜公路宜蘭開往坪林方向，行經43.7公里處時，因過彎時車輛失控，導致貨車翻覆撞擊山壁，所幸林姓駕駛及乘客李姓男子（23歲）僅受輕傷，警消獲報到場，立即將2人送醫檢查，駕駛酒測後酒測值為0毫克，詳細肇事原因，仍有待警方調查釐清。（突發中心／新北報導）,2019-08-13 00:30:00,社會,https://tw.news.appledaily.com/local/realtime/20190813/1615824/
網紅女刺青師竟刺山寨貓圖　還害她皮膚紅腫長痘子,(更新:新增過音影片)桃園林小姐向《蘋果新聞網》投訴，上月10日她南下到台中找一名臉書擁有8萬人追蹤的宋姓女刺青師刺青，以1千元價格刺了一幅貓圖，未料刺青前疑因椅子未消毒或隔離防護，事後發現圖案與原本預想不同、線條如發抖般凌亂不堪，事後還因此長出小痘子，更讓崩潰她的是，該幅貓圖竟是山寨版，讓林小姐無法接受訴諸媒體；宋女則回應，她有誠意道歉並補償，但對方還是透過媒體爆料，她也只能無奈接受，雙方各執一詞。 林小姐說，之前追蹤宋女的IG及臉書一年多，很尊重宋女手藝，當初看到該貓圖，稱「自己畫的認領圖」，因為很喜歡馬上私訊認領，並約時間到台中西屯區刺青，當晚也預先匯款，到台中後發現宋女刺青前，沒用酒精消毒椅子，讓她感覺不好，但因為信任宋女，所以還是決定給宋女刺青。 林小姐表示，當天下午6點開始刺，過程中真的很痛，與她之前2次刺青經驗相比更為疼痛，她不斷忍耐，但刺到一半宋女稱不舒服想要休息，約下次繼續完成，擦掉皮膚上的血水與墨水時，林小姐才驚覺，與原本說好的可愛貓咪圖案完全不同，線條都是凌亂不堪，割線如發抖般，讓她傻眼、失望。 林小姐說，她刺青後隔天皮膚開始出現異狀，嚴重紅腫還生小痘子，讓她嚇壞了，趕緊把整個過程寫下，並公開貼文在自己個人臉書，表示不敢再給宋女補刺，花上萬元另找其他刺青師用蓋圖方式補救。 林小姐提還供事後LINE的對話截圖給記者，宋女不斷向林小姐道歉，稱那天得了流行性感冒，嚴重發燒，表明自己的狀況很差，希望林小姐再跑一趟讓她補救，會給林小姐車錢並請吃飯補償，但林小姐婉拒並回復：「因為我皮膚這樣，我真的很受傷」，希望宋女不要再有狀況不佳時接客。 宋女則留言回覆，「我知道了，真的非常對不起」，也表明希望可以完成刺青，林小姐則回覆：「你的歉意我心領了」，並未再回覆。林小姐事後在網友告知下得知，該貓圖竟然是抄襲其他刺青師的圖，此舉讓她更加失望，「我真的很錯愕很憤怒，受了這麼多皮肉痛，還要背著一副山寨圖在手上」。 林小姐不滿，她貼文後宋女竟然封鎖她臉書，還在FB動態上留言：「少拿雙面胖女的事來煩我」，還在道歉貼文提到「我也沒有要讓他（她）的皮膚爛掉，我不知道為什麼要被這樣講」等語，這些內容是在羞辱她，讓她覺得宋女沒有真正反省，所以才會投訴媒體，希望別再有人受害。 《蘋果》找到宋女臉書及IG，有關「雙面胖女」等貼文已經不見，宋女的IG也貼滿工作紀錄，上百幅的刺青紀錄，從人物、文字到圖騰各種樣式都有，自己也常大方嶄露好身材，光是臉書就有擁有8萬人追蹤，網路上小有名氣。 宋女受訪時表示：「我做錯的我承受，沒有的事情希望大家不要亂講」，她坦承，當天確實身體狀況不佳，以為是普通感冒，事後檢查卻是流感，才會造成貓圖刺失敗，她也再三向林小姐道歉，甚至願意幫林小姐付雷射除疤的錢，但林小姐沒接受，若訴諸媒體是給她的懲罰，她只能接受，但不能說得她好像不在乎，這不是事實，事實上她有想辦法盡力補償，但林小姐都未回覆。 宋女再解釋，當天跟朋友商借刺青工作室，因為空間不大，所以她先準備好，並在事前消毒椅子，才請林小姐入內，可能只是林小姐沒看到消毒過程，因此認為不乾淨，但這樣的說法，對她與借場地的朋友，都很不公平。 而林小姐皮膚會紅腫等症狀，宋女表示，她也沒有想到會這樣，也不一定是她造成的，有可能林小姐是對顏料過敏，因為類似的狀況她也遇過，像她自己就對紅色顏料過敏，有可能是個人體質問題，如果是她造成的，她也不會卸責，會負責到底。 至於臉書提到「雙面胖女」一詞，宋女解釋，這是她個人臉書抒發，沒有意指誰，更不是針對林小姐，不明白林小姐為何要對號入座？而臉書封鎖林小姐，是因為不想再看到林小姐的朋友在網路謾罵，而且她所有貼文都是公開的，一樣可以透過其他帳號閱覽，透過通訊軟體一樣可以找到她，她沒有躲避。 針對山寨圖爭議，宋女表示，她已經在網路上公開道歉，表示自己做了很不好的示範，讓支持她的人失望，認為身為創作者卻抄襲，不管如何都是不對的行為，她會和原創者道歉，並不會再犯同樣錯誤，也會精進自己的技術，希望大家再給她一次機會。 台中市衛生局疾病管制科科長湯澡英表示，不鼓勵一般民眾刺青，且刺青也沒有相關規範，必須由業者自律，如果針具等器具處理不潔，恐會造成皮膚傷害，輕則紅腫、長水泡等，嚴重的話會因此染讓傳染病，建議刺青的民眾，若事後感到不適，應該立即就醫。（田兆緯／台中報導）出版時間:0003更新時間:0028,2019-08-13 00:28:00,社會,https://tw.news.appledaily.com/local/realtime/20190813/1615709/
催淚彈後遺症　記者嚴重過敏　示威者渾身紅疹,"香港警方過去兩個月發射逾1,800枚催淚彈，化學武器後遺症陸續浮現，有示威者全身爆發嚴重「蕁麻疹」和濕疹，傷口流膿滲水；有攝影記者頸部、手腳皮膚嚴重過敏，要服用高劑量類固醇治療，前日更出現氣管炎要留院治療。皮膚科醫生陳湧指，催淚煙除了灼傷皮膚，亦可造成敏感性接觸皮炎，而吸入催淚氣體更可導致肺炎。20歲的Alan（化名）在示威人群擔任「滅火隊」角色，專門應付警方發射的催淚彈。他說，警方濫射催淚彈情況越來越嚴重，以往催淚彈在人群前方爆開，靠風向驅散後方示威者。但近期警方直接向示威者中心或後方開槍，示威者衍生出用「蒸魚碟」、「交通錐」等方式滅煙。近期警方密集發射催淚彈，Alan試過一日撲滅逾30粒催淚彈，但「滅火隊」有時無能為力。8月5日金鐘清場，有次幾枚催淚彈在Alan腳邊爆開，冒出濃煙滲入全身，連下體也感到刺痛。他跑了10多米仍未離開催淚煙範圍，最後不支倒地，要由其他人抬走，急救員為他洗眼，半小時後才能勉強睜開眼睛。他不忿警方濫射催淚彈，「如果要驅散人群，射到整條夏愨道都是tear gas真的是沒意思。你是一定會逼走他們，但會加深怨恨。」Alan說，每次中催淚彈後回家都會腹瀉，症狀持續一星期。自己在7月21日和7月28日催淚彈清場後，翌日全身皮膚出現嚴重「蕁麻疹」和濕疹，「基本上是全身都有，最嚴重時，全身都會覺得好養。因為都看過資料也問過醫生，都知道蕁麻疹是免疫系統過敏反應。」醫生更指他雙腳出現毛囊炎。目前Alan要服用抗生素、抗過敏藥和搽類固醇藥膏。香港攝影記者協會署理主席陳奕釗指，協會收到31起攝記出現後遺症個案，包括腹瀉、喉嚨痛或咳、皮膚有紅疹或流膿、頭痛和眼部不適。他自己的雙腳亦出現紅疹，癢得無法入眠。記者接觸過一位後遺症最嚴重的攝影記者。他在6月12日至8月5日期間，共採訪8次催淚彈清場。他憶述，7.28警方在上環清場，催淚煙濃度特別高，翌日手臂出現紅疹，同日求醫獲處方抗敏感藥。兩日後再求醫獲處方類固醇藥膏。惟出疹情況繼續擴散至頸、背、胸和腹部。後來更出現咽喉腫脹和吞嚥困難。負責診治醫生指，催淚煙化學物質進入身體，敏感反應擴散至全身，要處方高劑量的類固醇，並警告他不能再接觸催淚煙，否則敏感反應更厲害。該名攝記苦笑：「好難撳住自己，（反送中）是香港最重要的新聞。」主診醫生警告，不能夠任由情況持續，「這個是計時炸彈。」前日該名攝記再入院求醫，確診氣管發炎，要留院和注射類固醇治療，終於不得不退下火線，他在電話告訴記者，擔心其他攝記都出現後遺症。皮膚科醫生陳湧指，高濃度催淚煙除了會灼傷皮膚，亦可導致敏感性接觸皮炎，免疫系統出現過敏反應，令皮膚紅腫和出現濕疹等症狀，「如果我們再接觸到同一種化學物質的話，我們的免疫系統因為有記憶，它可以再更加短時間內發出更嚴重過敏反應。」他直言，皮膚受催淚煙傷害相對較低，但嚴重是肺部和呼吸系統受傷害，可以引致肺炎。陳奕釗指，攝記平日求診和服藥治療，到了周末警方再射催淚彈清場，逼不得已頻繁接觸催淚煙。有攝記向協會報告，懷疑部份催淚彈過期，翻查網上資料，過期催淚彈有機會釋放氰化鉀毒氣。他補充，市面防毒面罩濾嘴已售罄，情況不樂觀，「我們手頭上用完濾芯後，我們就無濾芯可以用了。這樣到時他再不斷放催淚彈的時候，我們要怎麼辦？」Alan指，有朋友中催淚煙後患上肺炎，有人肺部疼痛都不敢求診。8月5日他再上前線，在北角被催淚彈擊中腹部，當場感到劇痛倒地，要由人抬走。他說，國際間罕有用如此密集催淚彈鎮壓，對香港年輕一代身體的傷害，或許要過若干年後才陸續浮現。但這一刻Alan已不顧催淚彈傷害，「大家都已經豁出去，豁出去原因是因為你適合香港共存亡的一代，其實香港沒有未來，我們的後輩都不會有未來，所以為什麼大家會將香港的未來擺得優先於自己……我們任何香港人所擁有的優勢或者自豪感，都是來自香港這個地方。假若你保護不到香港這個地方，你自己本身都是nothing。」（香港《蘋果動新聞》潘柏林／報導）",2019-08-13 00:22:00,國際,https://tw.news.appledaily.com/international/realtime/20190813/1615805/
2大利空衝擊美股　道瓊大跌逾230點,美國股市周一盤中下挫，香港抗議升溫在華府和北京當局就貿易爭執之際進一步衝擊投資人信心，道瓊工業指數大跌逾230點。道瓊指數周一盤中重挫237.23點或0.9%，報26050.21點，S&P 500指數跌0.71%至2897.91點。另外，納斯達克指數周一盤中跌0.55%至7915點，費城半導體指數跌0.74%至1453.5點。香港國際機場周一取消當天所有剩餘航班，理由是抗議持續升溫嚴重干擾該機場營運。抗議日益升溫已導致香港陷入數十年來最嚴重危機，這是2012年上任的中國國家主席習近平一大人民挑戰。另一方面，貿易憂慮持續籠罩市場。美中貿易戰升溫導致市場上周陷入動盪，美股主要指數上周一寫下今年來最差單日表現。緊張情勢升溫已促使高盛把美國第4季經濟成長預測調降20個基點至1.8%，該公司不再預期2020年美國總統大選前美國和中國會達成貿易協議。（林文彬／綜合外電報導）,2019-08-13 00:18:00,財經地產,https://tw.finance.appledaily.com/realtime/20190813/1615821/
飯店月餅評比　凱撒川味椒麻豬奪冠,今年飯店月餅評比全台共62家飯店參加，報名的114款月餅中，有3款因為品項不符規定，實際試吃評比的有111款。比賽依照餅皮差異區分為廣式、酥皮、組合和其他等4大類，邀請連愛卿、陶禮君、徐天麟3位專家，以口味40分、價格30分、外觀30分，總計100分盲試評比。最後，廣式類冠軍是83.33分的凱撒飯店連鎖的凱撒藏月禮盒，此款得分也是111款中得分最高者。另外，酥皮類冠軍是82.67分的台中長榮桂冠酒店的長榮金采禮盒。組合類第一名從缺，獲得最高分的是漢來大飯店的漢來情月典藏禮盒，其他類冠軍則是台北文華東方酒店的手工巧克力月餅禮盒，獲得82.33分。             廣式類冠軍的凱撒飯店連鎖的凱撒藏月禮盒（1280元）含極品XO、白蓮蓉雙黃、川味椒麻豬、蘭姆葡萄核桃4種口味，其中川味椒麻豬口味最受評審喜歡，徐天麟說：「川椒香濃，好有特色。」連愛卿讚許說：「創意有理、香而不嗆」。陶禮君則說：「一點違和感也沒有。」另一個蘭姆葡萄核桃評審也喜歡，陶禮君說：「豆沙內餡混入酒香和果香，味道天衣無縫的融合。」 酥皮類第一名的是台中長榮桂冠酒店金采禮盒（原價1380元 優惠價990元），蛋黃酥使用的是傳統工法經40天醃製的宜蘭黃金鴨蛋黃，烘焙時加了白蘭地酒提味。雪花綠豆凸除了綠豆沙還有主廚自製的梅花肉餡。徐天麟說：「蛋黃酥的蛋黃香、餅皮酥，皮餡都好。綠豆凸的香氣也足。」陶禮君則在此款月餅的評語中寫下「夭壽好吃」的驚嘆詞！連愛卿也給予高分，她說：「綠豆凸的肉香濃、綠豆沙極香。」 組合類的整體表現似乎讓評審不太滿意，加上參賽品項不多，以致最後第一名從缺，只取二、三名，漢來大飯店情月典藏禮盒（1380）元是此類最高分。陶禮君解釋第一名從缺的原因是：「評審對第一名的分數有基本門檻，所以雖然最高分，但還有進步空間，站在嚴謹的立場，寧可讓第一名從缺。」陶禮君說：「其實這款禮盒也很不錯，巧克力無花果流心夠香，紅酒醃漬過的無花果特別好，吃完之後會覺得口齒留香。」 台北文華東方酒店的手工巧克力月餅禮盒（2380元）是其他組的冠軍。這款禮盒今年限量推出500盒，內有3種口味，分別是金色的柚香甜心、粉紅色的絡神貴妃和巧克力色的黑金美人。柚香甜心以台灣紅茶焦糖甘納許搭柚子蘋果軟糖及香草沙布蕾製成內餡，並以焦糖牛奶巧克力製成巧克力餅皮，外層刷上可食用金粉。洛神貴妃選用Ruby紅寶石巧克力製成巧克力餅皮，內層填入洛神花甘納許、覆盆子荔枝軟糖和抹茶沙布蕾。黑金美人則以台灣人喜愛的芝麻、花生等元素，配合東方美人茶做成2種甘納許，搭配巧克力沙布蕾。徐天麟稱讚：「製作這款月餅的甜點師傅手藝超群。」陶禮君說：「這是一款用料好的優質甜食月餅，頂級巧克力的香氣，和層次豐富的內餡，味道細緻。」連愛卿說：「這款月餅的巧克力用的很好，3款的風味也也各有特色，香醇濃郁讓人喜歡，可惜價格貴了些。」（報導／顏怡今） DATA凱撒飯店連鎖—凱達大飯店(02)2383-6798台中長榮桂冠酒店(04)2313-9988＊2173點心房台北文華東方酒店(02)2715-6656漢來大飯店(07) 213-5789 更多「美食搜查線」內容，請點此：http://bit.ly/2GOqTAv 出版時間：0000更新時間：0012（新增照片）,2019-08-13 00:12:00,吃喝玩樂,https://tw.lifestyle.appledaily.com/lifestyle/realtime/20190813/1615251/
【有折快敗】聰明遊歐KLOOK很會　通行票券85折幫你省旅費,暑假眼看著就快終結，但也有不少人打算等屁孩們回學校後就能開始規劃年終小旅行，好避開連到國外都是人的掃興旅程。也看準這些喜愛前往歐洲自由行的台灣旅客市場，線上旅遊體驗預訂平台KLOOK就推出歐洲鐵路晚鳥優惠，集結了通行證商品及點對點車票的多種選項，一口氣打出85折的好康優惠，這也是繼KLOOK與歐洲鐵路簽署全球夥伴關係、成為歐鐵全球總代理後，在台灣首度推出的超殺優惠先發，讓一票已經在規劃中的旅人們不但能盡興走訪世界，還能用精省出的旅費好好體驗更多有趣的活動與行程。 這次KLOOK打出了精選3大最受國人喜愛的通行證排行品項，包含「Eurail 歐鐵全境火車通行證」、「德國鐵路通行證」與「BritRail 英國鐵路通行證」，一次推出限定85折的優惠，讓旅遊預算再升級、暢行歐洲也更輕鬆了。自即日起只要於結帳頁面輸入優惠碼「CRAZYEURAIL」，就可享有精選商品85折(至10月底止)（折抵上限新台幣1萬元），而其餘的歐鐵通行證，則可輸入優惠碼「EULETSPLAY」，也能享有92折的優惠(至8月底止)。 另外，針對部分歐洲火車必須提前預訂車次的情況，在購買完通行證後，KLOOK也提醒，別忘記上網預訂點對點的車票，讓旅程更加愜意而Problem Free。也為了幫旅客著想，KLOOK就針對已購買了歐鐵通行證的顧客，在系統中設計了將自動拋送一組專屬的優惠碼給預訂者，讓已購買了歐鐵通行證的預訂顧客，立即就可享有購買點對點車票預訂費5折的獨家優惠。即使沒有購買通行證的人，若僅須購買點對點車票也同樣有好康，只要輸入優惠碼「EUPTPLALA」，就可享有85折的優惠(至10月底止)。你也想念歐洲的秋天嗎?卡緊開始規劃10月前的行程吧！(林沛縈／台北報導) 更多「 世界任我行」內容，請點此：http://bit.ly/2GOqTAv ,2019-08-13 00:11:00,吃喝玩樂,https://tw.lifestyle.appledaily.com/lifestyle/realtime/20190813/1615801/
【買到用搶的】比香港半島還火紅　進階版流心月餅快閃賣到快缺貨,距離中秋節還有一個月，但自五星級酒店到餐廳、糕餅店等，業者們早已紛紛在各大通路加緊宣傳，期望能在送禮的龐大買氣中贏得消費者目光。而在月餅市場上一向以傳統口味更受青睞的廣式月餅，除了諸如美心、半島酒店等受到不少台灣顧客們喜愛的品牌之外，今年又有強勁的新對手加入戰局，由半島奶黃月餅始創人港籍主廚葉永華，以及榮獲米其林二星肯定的港籍名廚黎永冠2位大師，合體攜手打造進階版的奶皇流沙月餅，自去年中秋前在香港成立全新品牌「皇玥餅藝」後，今年旋即入圍2019世界級大賞、勇奪有「食品界諾貝爾獎」稱號的Monde Selection所頒發的食品最高金獎─頂級金牌獎(Grand Gold)以及金牌獎(Gold)的雙重肯定。也由於此為全球首家以流心月餅奪下Grand Gold最高獎項的業者，連半島酒店的流沙奶皇月餅都僅獲得金牌獎而已，因此一進台灣市場，立刻就引起識貨的饕客們搶購，連曾是半島酒店月餅的熟客們都慕名而來，指定購買。 而將葉永華主廚延攬至旗下，成立新品牌的香港皇玥集團，此次來台則與元立國際貿易合作，上周更將曾任職半島酒店嘉麟樓點心部主管超過30年，同時是半島奶黃月餅創始人、被譽為「奶黃月餅之父」的葉永華主廚邀請來台之外，也將葉永華主廚唯一認可的徒弟—黎永冠主廚一同找來，加盟皇玥。黎永冠主廚除了曾於香港半島任職外，並陸續於曼谷半島、馬來西亞及上海等五星級酒店擔任主廚，掌管上海半島酒店逸龍閣點心部主廚超過10年以上，期間更是成功讓逸龍閣奪下米其林二星殊榮，他也在其任職期間推出極受好評且獨步市場的榴槤月餅。如今師徒連手，也在加入皇玥集團後開發出全港首創的流心芝麻月餅，去年一上市就在全港掀起轟動與搶購熱潮。 除了流心芝麻月餅外，師徒共同研發的還有12款口味獨特的「皇玥蛋卷」系列，其中黎永冠主廚的研發包含如櫻花蝦蛋卷、榴槤蛋卷、黑松露蛋卷、咖啡蛋卷等滋味新穎的口味，也讓喜愛多元口味的台灣消費者，有更多專屬的選擇。也因熟知台灣市場喜好多變、愛嘗鮮的消費特性，此次皇玥集團也打造了一款限量秋節禮盒「中秋精選禮盒」(1420元/盒)，包含將獲得頂級金牌獎的「流心奶皇月餅」，以及獲得金牌獎的「迷你奶皇月餅」各2入外，並結合道地港式風味，加入共8款點心含蝴蝶酥、芝麻蝴蝶酥各2入，原味與椰汁蛋捲各3入，黃金酥、芝麻酥各3入的超級組合不但可一次吃到經典品項，也有好幾款人氣點心配搭，在團圓相聚的時刻能有驚喜不斷的美味，但此次全台限量僅供應500盒，對於想一次吃到多種人氣商品的顧客來說，也得搶快下訂才有機會。 而自即日起以快閃形式在百貨商場銷售的皇玥月餅，分別在台北SOGO復興店、天母SOGO、大葉高島屋百貨、台中遠東百貨、高雄漢神百貨與大立百貨快閃，(每間銷售期不一)另外，於全省的遠東百貨與微風廣場則成立銷售點。對於不少曾經嘗過半島酒店的流心月餅而感到念念不忘的顧客來說，即便皇玥承襲了相當多劑有的經典元素外，風味與外皮的表現都更加細緻之外，整體的平衡感也相對讓人更驚艷，餅皮油潤恰好，與裡餡滑而爽甜不過膩的滋味實在搭配地天衣無縫，流心餡更是香鹹黏口，在迷你尺寸的表現上可說是對技術的考驗，顯得更加難得。也因多了芝麻流心的選擇，如果對於流心月餅新鮮感不再的話，加上台灣顧客對相對陌生的皇玥來說，也未嘗不是個嘗試的好機會，但也因首進台灣，皇玥集團表示今年的貨量不多，意即是這批賣完也不會再有，想吃就得再等明年了。還在想要訂哪家? 那可得要想快點了！(林沛縈／台北報導) 更多「美食搜查線」內容，請點此：http://bit.ly/2GOqTAv ,2019-08-13 00:10:00,吃喝玩樂,https://tw.lifestyle.appledaily.com/lifestyle/realtime/20190813/1615776/
【專訪】攝影講師  Vlog新生懶人包拍片不求人　,很多人夢想成為YouTuber，但有不知道如何下手，《蘋果》副刊趁YouTube在台舉辦快閃攝影棚期間，訪問到本次教授10萬以上訂閱的YouTube拍片技巧的凹焦影像工作室創辦人李少哲和凌瑋隆，提供想跨入YouTube的新生懶人包，李少哲認為想拍片必備器材有，一台能手動控制拍攝模式的「小單眼」，簡易的收音「麥克風」，以及妙用家中「檯燈」就能打出柔光，低成本入門法，凌瑋隆同時表示，只要懂得「鏡頭語言」一人團隊也拍出電影質感。 影音世代可以歸功於YouTube操盤手，根據YouTube統計，台灣平均每周觀看YouTube的時間為16.4小時，也就是每人平均一天花費將近2.5小時觀看YouTube，黏住度逐年提高，也讓台灣百萬訂閱數的頻道超過50個，而有10萬訂閱的也有930個頻道以上。台灣YouTube的猛烈成長，讓總部決定投注更多的資源，因此在台舉辦第三次快閃攝影棚，提供「懷舊東方爵士酒吧」、「綜藝節目場景」兩個主題。 快閃攝影棚10萬訂閱限定 YouTube 大中華區策略合作夥伴資深協理陳容歆表示:「有觀察到近2年跨界合作、社會議題和知識內容的題材非常蓬勃發展，而綜藝棚可以呈現座談方式，適合對於跨界和社會議題的探討，而懷舊棚，則可以自由發揮。」且會中邀請專業的講師來教授製片方式，包含燈光、收音、運定等，但要10萬訂閱的創作者才能申請參與。 一般民眾或是剛入門的YouTuber進不了門，沒關係，《蘋果》副刊獨家採訪此次YouTuber快閃攝影棚講師，同時也是協助拍攝紀錄北美館的專業團隊凹焦影像工作室創辦人的凌瑋隆和李少哲，由他們兩位針對入門的「器材」、「燈光」和「構圖」進行拍攝建議，讓想踏入TouTuber領域的人可以有方向可循。 「手機其實也可以拍，但會有所侷限。」 李少哲除了是凹焦影像工作室創辦人之一，同時也是世新大學廣電系專任講師，他認為想要從事影像創作，一台簡單的「小單眼相機」，可以手動控制光圈、對焦等拍攝模式，對於影像拍攝來說其實很重要，不會被自動模式給控制，而可翻轉螢幕的機種，則可以增加自拍時構圖的美感。李少哲表示：「手機其實也可以進行拍攝，但手機即使下載第三方軟體，還是沒有辦法做到完全手動操作，會有所侷限。」 再者，「收音」非常重要，據李少哲觀察，他認為目前YouTuber大部分都需要用語言來傳達他資訊，所以會建議再多添購一組收音的機器。最後則是「光線」，他認為，拍攝時，應該試著呈現出立體感，不一定樣買專業器材，家中的檯燈就能使用，像是加柔光紙，讓光有好的發散，白T恤剪一剪，罩在燈前面，其實也會有柔光的效果，會讓皮膚的紋理泛油光這些問題都會比較少，如果想要更透，也可改成白絲襪。 「構圖」最基本的就是三分構圖，最常看到就是放在中間，但可以讓畫面左或右移一點，讓人的眼睛和面向可以多一點空間，如果是兩人對話的YouTuber，則可以讓畫面對切，讓畫面更有對話感。 YouTuber常見錯誤「背景見光死」 同時，根據凌瑋隆觀察，YouTuber最常犯的錯誤就是「背景見光死」，因大多是都是一顆廣角鏡頭就開始拍攝，沒有景深，會讓畫面顯得雜亂，沒有質感，想要拍出電影大片風格，人物、空間和鏡頭的關係密不可分，凌瑋隆建議：「應該善用鏡頭語言， 如何運用廣角到往遠端的的變化，讓影像品質有不同種氛圍，而這是一個團隊就能辦得到。」（周淑萍／綜合報導） 更多「 消費新鮮事」內容，請點此：http://bit.ly/2GOqTAv,2019-08-13 00:10:00,3C車市,https://tw.lifestyle.appledaily.com/gadget/realtime/20190813/1614931/
網美貨櫃屋　賣消暑乾拌麵,貨櫃屋近來成為網美打卡新寵，阿米家Jia Mi A乾拌麵即便位於桃園偏僻巷弄內，可是卻依然成了網美心頭好。阿米家Jia Mi A的老闆是川湘菜名師蕭冠之，「我是以川菜為底，在兩年前一直想說新派川菜的味道是否可以融入麵食裡？以前，和我同住的岳母時常會煮清湯麵給我吃，但她煮的是一些道地的台灣味，那些味道是我做不到的，但是她的精神我就把她融入在我的麵裡。」       每碗麵食都是強調輕麻輕辣的口味，老闆蕭冠之說：「現在一些新派的川菜，著重花椒的風味，所以，我們店裡使用了3種花椒，包含青花椒、藤椒還有大紅袍，每種風味不同。」 青麻(145元)就用了青花椒和藤椒做成的高湯醬汁調味，老闆蕭冠之說：「高湯就是以老母雞、赤肉、雞爪等去熬製高湯，至少要8小時以上的時間。」看似清爽的青麻，拌開來，雖看不出和青湯麵有何不同，可是入口卻是帶些檸檬香的麻和鮮辣。 另外，好麻(125元)同樣強調麻度的乾拌麵，不過卻是以辣油、乾辣椒和大紅袍調製成了口水雞醬，先和麵條、肉片拌過，醇厚辛麻，是非常到位的川味。               另外這家湯本源是以套餐為主的餐廳，先點湯品，再點乾拌麵，且附有自製小菜，湯品和乾拌麵水準都非常均一。老闆曾良泉說：「因為我們本身團隊都是川菜廚師出身，大多都是一路從學徒學起，平均經歷都有30年。這個拌麵本來就是我們餐廳早期的一個獨立部門，麵食是客人點餐之餘，除了飯之外，主食類的選擇之一，所以這些乾拌麵的調味，我們本來就很擅長。」 而湯品為了不添加其他多餘化學調味料，所以曾良全從熬高湯做起，「我們有八個湯品，原則上每個湯品的湯底都不同，但可以大致區分為牛肉、豬肉和雞肉，每一種湯品都是先熬所謂的高湯，比如說牛肉就有牛大骨高湯，豬肉有豬大骨高湯，那雞湯就有雞骨高湯，先熬好這些湯品，再來燉要上桌的食材。」曾良泉說。 蔥油拌麵＋四神排骨湯套餐(260元)，看似平凡的蔥油拌麵，卻是自煉紅蔥頭和青蔥，搭配甜醬油提味，吃來簡單卻滿嘴清香，而四神排骨湯材料豐富，湯底、小腸和排骨都有自然甜味，肉質也很不錯。                      另外紅油燃麵搭配豬肚胡椒雞湯套餐(260元)也很值得一試，紅油燃麵用了名店芝麻醬，充分混拌，醬香濃郁香辣不錯吃，而胡椒豬肚湯帶有適中的胡椒味  風味也好。 兩家店舖乾拌麵都不錯吃，不過都不提供訂位，僅能現場候位，且皆由點餐機點餐付款，服務員並不多，去之前要有心理準備。(黃翎翔／桃園綜合報導) DATA阿米家Jia Mi A桃園市八德區中華路31巷36號093801390311:00 ~15:0017:00~20:00無休 湯本源桃園市龜山區文化三路572號11:00~15:0017:00 - 20:30無休更多「美食搜查線」內容，請點此：http://bit.ly/2GOqTAv ,2019-08-13 00:09:00,吃喝玩樂,https://tw.lifestyle.appledaily.com/lifestyle/realtime/20190813/1615751/
華為哭哭！三星Note 10+ 5G奪DxOMark雙料冠軍,權威相機評測網站DxOMark稍早公開最新評測報告，最佳拍照手機再換人做！上周發表的三星新旗艦機皇Galaxy Note 10+ 5G前後鏡頭分別以113分、99分力壓華為P30 Pro奪下雙料冠軍。 DxOMark工程師在實驗室與戶外環境捕捉超過1500張測試圖像與2小時影片，得出Note 10+ 5G拍照為118分、錄影101分，綜合分數為113分，較華為P30 Pro多出1分，雖然得分與2月底發表的S10 5G大致相似，但在演算法的微調使其取得更出色的成績。 DxOMark指出，Note 10+ 5G在不同照明情況下，曝光一致且準確、效果極佳，在非常明亮或高對比條件下拍攝，仍具有非常寬的動態範圍，尤其陰影細節保留完整，且臉部曝光保持光亮。在實驗室下進行測試，Note 10+ 5G在5~1000 照度(lux)光源下錄製的影片，同樣提供了出色的曝光。 Note 10+ 5G搭載的4顆鏡頭分別為1200萬畫素主鏡頭、1600萬畫素超廣角、1200萬畫素變焦鏡頭，以及ToF(飛時測距)鏡頭，用於3D空間與景深測量，主鏡頭為26mm可變光圈(f/1.5-f/2.4)，具有雙像素自動對焦和OIS光學防手震，錄影則提供4K 60fps(預設4K 30fps)，取得了不小優勢。 對於新科DxOMark冠軍，網友紛紛表示「會不會華為Mate 30 Pro一出，冠軍又要換人做？」、「前鏡頭領先好多啊！」、「P30 Pro光學防手震4K支援不太好…」、「接下來大家都要預設4K 30fps了嗎？」（廖家葆／綜合報導） 更多「消費新鮮事」內容，請點此：http://bit.ly/2GOqTAv,2019-08-13 00:08:00,3C車市,https://tw.lifestyle.appledaily.com/gadget/realtime/20190813/1615820/
【國際蘋道／英國】劉云揚：周六下午3點的英式傳統,英國特派員：劉云揚／英國利物浦大學足球產業MBA生連線記者面對鏡頭，激動報著足球場上的最新情況，但卻沒有任何比賽畫面，講了沒多久後，畫面切回棚內主持人，再交給另一地的連線記者，偶爾甚至穿插電話連線，同一時間，螢幕下方不斷有多場比賽進球更新的跑馬燈，緊湊程度直逼台灣大選期間開票的轉播畫面，這樣罕見的運動播報方式，是英國天空體育（Sky Sports）的節目──周六足球現場（Soccer Saturday Live），對台灣觀眾或許陌生，但卻是英國周六下午3點的日常。這個時段，其實是英國每個周末，最多足球賽開踢的時段。從職業等級最高的英超到第四級別的英乙聯賽，甚至更低的半職業地區聯賽，保守估計，同一時間至少有65場開踢。而之所以會落在周六下午，則是因為19世紀中期的工廠法案，規定員工不得上班超過周六2點，而工人又是當時參與足球運動的主要來源，久而久之，工人周六下班後踢足球，紓解壓力，便形成周六下午3點開賽的傳統，大概就跟現在英國人周五下班去酒吧喝一杯，是類似概念吧！但為什麼不能播比賽畫面呢？這樣的政策，其實是1960年代，伯恩利俱樂部主席羅德（Bob Lord）的提議。他認為若提供電視轉播，會影響觀眾進場意願，而其他球隊主席和相關部門也認同這樣的說法，於是周六下午2點45分到5點15分，禁止電視直播足球的禁令就這麼誕生了。範圍從英國的頂級聯賽到大大小小的不同聯賽，只要是足球比賽，基本上就是禁播。當初的用意，是希望鼓勵球迷進場力挺，增加票房，提升球隊士氣，但過了50多年，當初的英格蘭頂級聯賽，早已搖身一變，成為全世界最流行的英超足球聯賽。版權熱賣到全世界100多個國家，每年光海外權利金，就帶來5、600億元台幣的收入，也讓門票收入相較之下，顯得相對微小。要把球場給塞滿不是問題，甚至有時還一票難求，球迷進不了場，想看比賽甚至得找違法連結，也讓這項政策，在近年來引發熱議。有球迷認為，英超這麼流行，全世界幾乎都看得到，卻偏偏只有我們這些最死忠最鐵桿的球迷在電視上看不到，這不是很可笑的事嗎？但相關當局的態度是，除了英超聯賽的這20支球隊以外，英格蘭還有許多等級較低的比賽，尤其第三級別以下的球隊，本來虧損都很嚴重了，若直接解除電視禁令，對這些經營困難的中小型球隊，帶來的影響恐難以預料。英超也在近年新增許多其他時段，像本季甚至要嘗試在周六晚上7點45分開踢，試圖將此政策的禁令影響降到最低。有球迷或許會反駁，電視權利金也能帶來大量收入，如同英超就是靠天價的轉播權利金而達成商業上的成功。但在M型化的浪潮下，較低等級的賽事就算踏進電視轉播市場，能分到的金額恐怕也相當稀少。此外，某種程度上，這項政策遲遲無法解禁，也反映了英國人對於傳統的尊重。在足球逐漸商業化、被資本主義侵蝕之際，能夠在周六下午帶著全家大小一起進場看足球，維持這樣的傳統「儀式」，也顯現出了英國人對草根足球的重視，也正是這樣不管比賽大小都認真對待的態度，才打造英格蘭今日的足球帝國。,2019-08-13 00:07:00,論壇,https://tw.news.appledaily.com/forum/realtime/20190813/1615649/
Google高層IG洩玄機　Pixel 4相機支援20倍變焦,Google的Pixel系列過去為其鏡頭加入黑科技，以演算法強化照片品質，讓Pixel在短短幾年間能與手機大廠抗衡，並殺進DxOMark相機評測榜前段班。預計10月發表、最新一代的Pixel 4，先前官方確認首度採用雙鏡頭配置，以光學基礎進一步提升優異的呈像，該機還有望搭載ToF傳感器。 關於Pixel 4相機的爆料不只如此，近日Google設計總監Claude Zellweger在其Instagram發布一張照片，據信是在Google Design Studio所拍攝，同公司的創意總監Alberto Villareal在下方留言稱讚，Claude Zellweger則回覆道「20倍變焦(20x zoom)」並hashtag了「#pixel」的標籤，照片的高清晰度引起了網友熱烈討論，雖然Claude Zellweger未指出是哪支手機拍攝，推測便是新旗艦機Pixel 4。 先前的Pixel 3儘管擁有Super Res Zoom變焦，但仍無法在20倍數位變焦下拍出Claude Zellweger那張高清照片，因此該照很有可能是利用類似DSLR單眼相機軟體加持的Pixel 4拍攝的。 Pixel 4相機規格目前尚未公開，外傳將採1200萬畫素主鏡頭、1600萬畫素變焦鏡頭，並延續Pixel 3的超廣角。一直以來，Pixel都以拍照性能著稱，尤其在使用新演算法後突飛猛進，例如能以單鏡頭完成它牌多鏡頭才能達到的景深演算，Pixel 4是否能與擁有強大變焦能力的華為P30 Pro、OPPO Reno一較高下，仍有待商榷。 Google先前在部落格公開Pixel 4新功能，包括臉部辨識、浮空手勢操作(受益於Soli雷達晶片)等。而大螢幕的Pixel 4 XL還被爆料搭載6.3吋2K 90Hz更新率的「Smooth Display」OLED螢幕，硬體則搭載高通Snapdragon 855處理器、6GB記憶體與128GB儲存空間，電池容量則傳為3700mAh。（廖家葆／綜合報導） 更多「消費新鮮事」內容，請點此：http://bit.ly/2GOqTAv,2019-08-13 00:07:00,3C車市,https://tw.lifestyle.appledaily.com/gadget/realtime/20190813/1615683/
張金鶚專欄：尊嚴的老人生活與居住安排,張金鶚／政治大學退休教授最近新聞報導，台灣獨居老人情況持續惡化，根據最新統計，今年第1季全國65歲以上的老人近350萬人，佔總人數比率近15％，6年增加86萬人、約3.3成；而僅老人獨自居住的宅數逾53萬宅，6年來大增16萬餘宅、增幅逾4成。另外，到去年第4季全國屋齡30年以上的老屋已超過410萬戶，約佔全國住宅比率超過47%，10年來30年老屋增加210萬戶超過1倍，而40年以上老屋更暴增2.3倍。我們可以看到當前台灣老人人口持續增加，尤其「獨居老人」及「老人住老宅」的現象越來越普遍，「老人問題」值得大家重視！面對不同的老人，應將老人再細分，區分不同老人面對不同的問題，提供多元的解決方案，才能達到有尊嚴的老人生活與居住安排。一般老人可區分為：「初老（65-74歲）」、「中老（75-84歲）」及「老老（85歲以上）」，以及「有錢有房老人」、「無錢有房老人」及「無錢無房老人」，還有「與子女同住老人」、「老夫老妻同住」、「一人獨居老人」等各種情境，都應該分別深入的探討。張桂霖博士和我曾在2013年於《都市與計劃》（TSSCI）發表《從初老到老老年齡增長的居住安排》論文。本文運用衛生署與密西根大學合作之「台灣中老年身心社會生活狀況長期追蹤調查」縱斷面資料，利用相同樣本分析老人在初老、中老、老老不同階段的居住安排。過去國外文獻研究顯示，年齡增加與子女同住機率呈現U型關係，但是台灣隨著老人年齡增加，卻呈現直線下降，顯示年紀越大的老人，其獨居情況越嚴重，需要受到更多的重視與協助。尤其目前的退休金制度，隨著年齡的增加，退休金將逐漸減少，相對生活醫療支出將逐漸增加，如何維持有尊嚴的老人的生活及居住安排越顯刻不容緩。很慶幸這一代的老人當時購屋尚未面臨目前不合理的房價高漲，大多能夠擁有自己房屋，即便未能與子女同住，其房產價值的提升與居住生活的安排，仍然可以獲得基本支持。但是隨著房屋也逐漸老舊，缺乏電梯及無障礙設施，「老人住老宅」的困境逐漸嚴重。或許有人建議透過「都市更新」即可改善老人的居住與生活品質。然而從老人立場思考，不只是都更協商談判困難、搬遷改建，多需要長達10年以上的折騰，而且還要再重新適應搬出、搬入新的居住生活，如此一來，對老人一動不如一靜的思維，拆除重建式的都更似乎並不容易。因此，重新思考整建維護式的都更以加裝輔助電梯或電扶椅與無障礙設施應該是對老人更為實際的作為。然而老人面對收支越來越不平衡的擔憂，「窮得只剩下唯一的自有房產」，如何維持尊嚴的生活與居住（在宅老化），能讓老人根據自己的需求條件，透過「多元模式的以房養老」便是必要的制度建立與教育推廣。我曾在2009年即在最早的「以房養老逆向抵押貸款方案研討會」中提出「台灣『以房養老』三方案模式提議」。建議除了當前金融機構推動的「逆向抵押貸款」方式外，更應該積極推動由壽險業者主導的「售後租回」方式，不但可以增加老人的生活費用，而且不用老人自己花費整修維護目前居住房屋。除此之外，我最讚許推廣的是由社福團體主導的「社會照護贈與」方式，這讓老人不是拿到金錢而是住在自家且獲得長期的照顧服務，百年之後，再把房屋捐贈給該社福團體，如此「利人利己」，應是人生最好的安排。由於我今年領到「老人卡」也剛正式退休，自身面對當前的老人問題頗多感觸，也希望過去研究的老人居住安排學術成果，能夠提供參考，希望有助於老人的尊嚴生活與居住安排。,2019-08-13 00:06:00,論壇,https://tw.news.appledaily.com/forum/realtime/20190813/1615643/
Note 10、iPhone XS系列比一比　規格三星勝,三星上周公開新機皇Galaxy Note 10，這款大螢幕觸控筆手機首度推出2款不同尺寸，為下半年旗艦機大戰點燃戰火，直接競爭對手Apple的iPhone將在9月亮相，預計推出3款，由於新iPhone還未發表，以下由硬體規格簡單比較三星Note 10與iPhone XS系列。 Note 10與iPhone XS最大的不同，除了作業系統外當屬觸控筆S Pen，這個內建機身的配件提供了Note 10在螢幕上書寫筆記，手機App的操作(遠端遙控)也更為多元，在Note 10加入的「筆跡轉換文字」功能，進一步提升了方便性。至於Apple陣營則是在平板iPad上另外販售Apple Pencil，但目前不支援iPhone。 Note 10搭載6.3吋螢幕、iPhone XS則是較小的5.8吋，即便前者尺寸較大，但iPhone以2436x1125解析度，勝過Note 10的2280x1080，不過Note 10的O極限螢幕令螢幕佔比提升到93.7%(Note 10+更來到94.2%)，勝過iPhone XS的瀏海解決方案。 但相機方面，iPhone XS搭載雙1200萬畫廣角與變焦鏡頭，Note 10則如同S10有3顆主鏡頭，在廣角呈像上，則以123度1600萬畫素的優勢領先對手，而廣角與變焦鏡頭同為1200萬畫素。前鏡頭方面，Note 10則以1000萬畫素勝過對手的700萬畫素。 手機使用壽命來看，Note 10為3500mAh，而iPhone XS則是2659mAh(根據手機拆解網站iFixit)，雖然電池容量不等於續航力，但帳面上看來iPhone XS還是落後一點。兩機皆支援無線充電，Note 10承襲S10多出了「無線電力分享」功能，可為其他裝置如智慧手錶、真無線耳機等供電。 容量方面iPhone提供更3種內存選擇(64GB、256GB、512GB)，而Note 10則僅有256GB一種規格但無法以microSD卡擴充，Note 10記憶體8GB，Apple則未公開旗下iPhone記憶體。iPhone XS售價1000美元起，而Note 10則是950美元(台灣售價將於8/13下午公開，是以比較美國售價)。 至於高階款Note 10+與iPhone XS Max，兩機售價皆為1100美元起跳，Note 10+以6.8吋延續「Phablet」大螢幕風格，iPhone XS Max則為6.5吋，不同於標準版，這次Note 10+解析度以3040x1440勝過對手的2680x1242。電量比較的結果亦不令人感到意外，Note 10+以4300mAh超越iPhone XS Max的3179mAh(iFixit得出之數據)。 相機比較同上，但Note 10+採4主鏡頭設計，多出一顆ToF(飛時測距)鏡頭，作為3D空間感測使用，但現階段實際應用不大，舉例來說AR測量在iOS 12上皆可使用、同樣能拍攝景深照片，雖然無關ToF鏡頭，但Note 10系列還多出了「景深即時錄影」的功能。 高階款最顯著的差異還是在規格，iPhone XS Max提供64GB、256GB、512GB這3種選擇，而三星在Note 10+則有256GB、512GB兩方案，並可透過microSD擴充1TB儲存空間，這部分也是iPhone所缺乏的，此外Note 10+記憶體12GB起跳，在運行遊戲上應較iPhone XS Max更有優勢。 整體來看，三星Galaxy Note 10系列在螢幕、電量、規格皆勝過iPhone XS系列，多出的觸控筆S Pen更是iPhone所沒有的一大賣點(近期也有傳聞Apple考慮在未來的iPhone加入Apple Pencil的支援)，兩機功能各有優勢，但以CP值來說記者認為三星略高一些。 不過，這邊拿來比較的iPhone XS系列是為去年9月發表，今年Apple的新旗艦iPhone 11、iPhone 11 Pro能否強硬回擊Note 10系列，備受各方矚目。（廖家葆／綜合報導） 更多「消費新鮮事」內容，請點此：http://bit.ly/2GOqTAv,2019-08-13 00:06:00,3C車市,https://tw.lifestyle.appledaily.com/gadget/realtime/20190813/1615564/
搭電信吃到飽　近萬元Homepod加購價1999元,美國蘋果公司(Apple Inc.)推出的Homepod正式登台，吸引市場高度關注，不過售價9900元比一般智慧音箱高出不少，燦坤即日起開放網路與門市同步登記，搭配3大電信688元起吃到飽專案可用1999元加購Homepod，8/16上市日就能到店取貨，同時能用8.8折加購一次第二代AirPods和APPLE TV 4K，換算下來第二代AirPods花4655元就能入手。 因應將到來的開學季，燦坤也針對Macbook系列開跑學生專案，Macbook pro 13吋Touch bar機種特價5萬7900元起，買就送第二代AirPods及多功能防震包組合，限量300台。買指定Macbook pro、Macbook air機種，加送targus newport筆電包、Type-C多功能轉接器，另搭配筆電舊換新專案最高折1萬7000元，出示學生證最高再折6000元。（黃韻文／台北報導）,2019-08-13 00:06:00,3C車市,https://tw.lifestyle.appledaily.com/gadget/realtime/20190813/1615647/
九頭身美女警「支援」涼缺招忌　任警一年轉內勤遭批玩弄制度,玩弄規定？《蘋果新聞網》接獲投訴，台中市豐原分局女警廖于嬅從警前是鋼琴老師，擁有171公分的高挑身材，外型相當亮麗，還因此上過新聞版面，在台中警界小有名氣，但去年1月她到豐原分局報到，7月才轉正式警察後，至今才剛滿一年即轉調內勤涼缺，讓不少警局同仁驚呼「憑甚麼？」「難道高顏值獲長官青睞？」，但豐原分局強調，廖只是分局輿情處理短期種子培訓人員，仍服外勤，沒有調內勤。 投訴人指出，廖于嬅是一線三星警員，今年7月底轉調豐原分局秘書室，單位卻是掛在原警備隊，主要協助新聞媒體聯繫、新聞發稿等業務，早上8點上班，下午5點下班，還有固定午休時間，下班之後就可以回家，不必在警所內備勤，與一般公務員作息相同。 《蘋果》調查，一般特考班警員，至少得在外勤待個10年，才有資格轉調內勤，警政署曾經為了這項歪風發函告知各單位；《蘋果》也取得一份警政署最新公文，目前才開放至98年期別的特考班警員可以轉內勤，但必須符合專業資格，像是辦理交通、資訊、家庭暴力防治、反詐騙等業務，秘書室業務則不在條件之內。 一名廖于嬅的女同事警員透露，廖是105年期別的特考班，根據警政署每年開放一個期別的速度，估計廖最快也得等到民國115年（西元2026年）才能轉調內勤，就算有特殊原因，也必須外勤綁個6年，調單位也只能是外勤缺，才不會有爭議，大多數人會睜一隻眼閉一隻眼，如此才1年就轉調，不需同一般女警一樣輪值性侵害案件，對其他女警很不公平。還有同事認為，廖于嬅目前編制在警備隊內，雖然編制在外勤單位，但就是在內勤工作，一樣可以早八晚五的正常上下班，這樣難道不等於玩弄規定？有警員私下表示，外勤轉內勤雖然少了約7千元的超勤津貼，但是可以正常休六日，作息也比一般外勤警員正常，不用爆肝輪值的深夜勤，無須處理民眾申訴案件，也鮮少有突發狀況要處理，一樣領有警勤加給及直轄市繁重加給，卻不用日曬雨淋，在室內吹冷氣，就可以領約5萬月薪。 一名在外勤待19年巡佐表示，外勤警察很辛苦，因為輪班制常爆肝，且至少3個月才能輪到一次六、日都放假，得來不易的週休二日，可能還因為首長特殊勤務禁休，常常因此跟家人吵架，有時候想想真不值，如果有舒適的工作環境，穩定的六日休假，誰不想待內勤多陪陪家人？ 另名警官也表示，不少警員因為外勤辛苦，時間一到都會申請轉調內勤，一方面可以顧身體，也可以照顧家人，通常要有特殊困難的原因才可以轉調，而且屬於支援性質，屬於警界的灰色地帶，才1年就可以調內勤，幾乎不太可能，此人的背景會被同事打上一個問號？到底誰在撐腰？《蘋果》致電廖于嬅詢問她任警一年即調內勤一事，廖未正面回答，推說這些問題要秘書室主任才能回答，但記者追問：「難道自己的狀況不明瞭？」，廖拒答趕緊把電話轉給一旁的警官，該名警官則表示，半小時後聯繫回復。 約過5分鐘後，豐原分局秘書室主任蘇孫鐘致電記者，表明由他統一解釋。蘇孫鐘說，廖是今年7月初轉調警備隊，7月29日開始每天支援內勤6小時（8-14），六日固定休假，負責新聞協助、網路輿情、假新聞澄清等業務，而廖本身懂電腦繪圖，亦擔任過局長室臉書小編，所以也負責分局臉書業務，每日14時下班後還得補巡邏、押解人犯等勤務，按規定 並非調內勤，一切符合相關規定。 蘇孫鐘提到，這個職位已經在分局內部找尋一陣子，主要以內勤為優先，但都沒有適當的人選，所以才徵詢有經驗的廖本人意願，目前廖還在適應期，支援並非常態任務，之後會以警備隊業務為主。豐原分局12日晚間10時許另發聲明強調，廖的調動只是輿情處理短期種子培訓，為充實分局新聞輿情處理人才庫，初步規劃每期10天，配合分局內勤上班時間，每日編排6小時至秘書室實務訓練、4小時輪服外勤，廖員為第1梯次培訓人員，自7月29日起至8月12日訓練期滿，回勤務單位正常輪服勤務，遇重要或緊急新聞事件時，再個案支援協助處理輿情。（田兆緯、陳世河／台中報導）,2019-08-13 00:05:00,社會,https://tw.news.appledaily.com/local/realtime/20190813/1613609/
劉昌德：對抗紅媒 政府如何治標也治本,劉昌德／政治大學新聞系教授近日「路透」披露中國政府付錢給台灣媒體進行統戰，報導中10位不具名受訪的媒體記者與主管指出，至少有5家本地媒體「收錢辦事」。例如報導中指出，有媒體刊出兩篇吸引台商的專題報導，索價3萬人民幣，讓受訪者感嘆，「覺得自己是傳聲筒，幫中國政府工作」。對台灣新聞界來說，中國官方收買與「以商逼政」的手法，早已不是新聞。2010年底，監察院調查媒體接受政治置入性行銷並糾正陸委會，直接指明「中國大陸各機關購買台灣新聞的版面，行銷省市，並配合首長來台行銷，塑造為親民及愛民的形象」，更「認證」了本地報紙多篇專版報導，替中國官方粉飾、接受匯款支付的合約與對價關係。在購買「報導」與「版面」之外，中國官方也進一步以國營金融機構提供資金援助的方式，透過海內外資本家的「白手套」，掌握媒體所有權進行大外宣；或者透過開放市場等誘因，讓垂涎中國商機的台灣商營媒體，迴避政治禁忌或甚至配合宣傳。這些作法在何清漣的《紅色滲透》書中，有相當系統的整理與揭露。面對中國官方收買新聞的政治威脅，NCC除了落實禁止政治置入新聞的相關法規之外，還可借鑑英國與歐盟近年對俄羅斯等境外勢力「干預言論」的作法，從內容管制及產業結構治理，做為台灣應對的參考。英國廣電媒體主管機關Ofcom，近期針對RT電視（俄羅斯國營的國際衛星頻道）關於俄國前間諜在英國被毒殺，與敘利亞衝突等事件的報導與評論，明顯偏向俄國立場，裁定其違反「不偏不倚原則」（impartiality），罰款達20萬英鎊。Ofcom調查指出，RT在今年3月中到5月初之間，有高達7則相關報導內容明顯偏頗；RT在極短的時間內，「非常嚴重又一而再地」違反不偏不倚原則中，關於「合宜地且合乎比例地呈現各方觀點的作法。Ofcom所謂的不偏不倚，並不只是要求各方觀點有同等時間長度的陳述，更必須考慮事件報導的脈絡與情境，「適當地」進行公平報導。參酌英國作法，要求新聞媒體在政治等事件中進行公平報導，是直接立即的內容管制作法，足以治標。不過，對於報導內容的評斷標準，無論如何總難免被不同立場者加以質疑；因此，歐盟的媒體產業結構治理，更值得NCC參考。歐盟近年多項媒體相關報告中，持續關切境外勢力的假新聞與錯誤訊息，對「歐洲價值」產生的威脅。與Ofcom相同，歐盟也強調新聞報導必須堅守多元主義，讓閱聽人獲得「足以反映國家內部的不同政治意見」的「不偏不倚與正確的資訊」。為此，歐盟不僅建議會員國在新聞內容的管制與媒體自律，更指出商營媒體財團的壟斷，將衍生政治言論單一化的危機。在產業結構上，一方面必須反媒體壟斷、另一方面必須補助自主獨立的公共媒體，才能夠達成言論多元化目標，維繫歐洲的自由與民主價值。本地媒體「染紅」的成因，並不單單是政治選擇，更是商營媒體利之所趨，而讓擁有豐厚財力與市場誘因的中國官方所收買。NCC應管制媒體過於偏頗的政治言論、以公平原則的內容管制來「治標」；而行政院更應推動草擬多年的「媒體多元維護與壟斷防治法」、並擴大公共媒體等「治本」措施，確保媒體言論不受政治與經濟勢力操控的基礎。,2019-08-13 00:05:00,論壇,https://tw.news.appledaily.com/forum/realtime/20190813/1615640/
GUCCI就愛「蜂」迷全場　新錶設計玩「蜂」了！,義式精品GUCCI花園中的蜜蜂儼然已是設計元素扛霸子之一，旗下招牌G-Timeless系列腕錶，今夏在創意總監Alessandro Michele巧思下，更是玩「蜂」了，藉刺繡、立體金屬在面盤勾勒蜜蜂圖騰，使得錶盤更具立體層次，意圖使男、女生都為該錶「蜂」迷。以針織刺繡呈現蜜蜂的G-Timeless Contemporary錶款，將GUCCI招牌綠紅綠條紋針織鋪陳於錶盤，加上金屬繡線刺繡呈現出金色蜜蜂，呈現高辨識度的復古情懷，錶款具27與38mm錶徑尺寸，搭配鍍黃金色PVD錶殼，與蜜蜂色彩相呼應，且具50米防水，時髦與實用性兼具。 G-Timeless Iconic系列錶款則以立體金屬蜜蜂圖案，在面盤創造浮雕感，且蜜蜂上的絲紋效果，在視覺上頗有金屬絲線創造出的刺繡般感覺，時標也以立體星星、雙G標誌與蜜蜂呈現，讓俏皮無所不在，細看下，錶盤還有太陽放射紋，且38mm中性錶徑，男、女通殺。（林哲良／台北報導） ,2019-08-13 00:05:00,娛樂時尚,https://tw.entertainment.appledaily.com/realtime/20190813/1615577/
香港民陣8.18遊行抗議黑警濫暴　籲「和理非」重新站出來,香港元朗7月21日警黑合作風波未息，警方周日再在多區以武力驅散人群，導致最少2人重傷。民間人權陣線（民陣）發起8月18日再次遊行，抗議警黑合作及濫用武力，並向政府重申5大訴求。遊行將於下午3時由維多利亞公園出發，以遮打花園為終點。民陣指已正式向警方申請不反對通知書，今日公布詳情。民陣副召集人梁穎敏表示，警方繼7月21日元朗警黑合作惹起全城眾怒，前天再在多區以武力清場，包括在室內施放催淚彈、近距離發射布袋彈致少女右眼重傷等，全日下來亦有多名示威者被捕，民陣希望周日能讓激進派稍作休息，發起遊行籲「和理非」們重新站出來，以人數向警方施壓，「繼續承接爭取5大訴求」。就近日警方多次以安全為由拒絕發出不反對通知書，梁穎敏指「不擔心那麼多」，希望憑藉過去民陣多次申請遊行、過程全屬合法行為經驗，讓警方沒藉口「DQ」遊行，又指一旦被拒絕必會上訴，若最終連上訴也被駁回，民陣屆時會再有「Plan B」公布。（大陸中心／綜合外電報導）,2019-08-13 00:05:00,國際,https://tw.news.appledaily.com/international/realtime/20190813/1615819/
【愛車清涼秀】全球史上最熱七月剛發布　立馬有5款新隔熱紙推出　,7月剛過沒多久，馬上被統計出來是全球史上最熱的7月，氣象專家對往後的全球氣溫提出警告：沒有最熱，只會更熱。車族捧友你們作好準備了嗎？為此日前桑瑪克立刻也跟進推出了5款新的SMART磁控隔熱紙，這5款高階款金屬膜隔熱紙分別是SMART-10、SMART-20、SMART-30、SMART-50、SMART-70。其後數值代表的大致上便是透光率(可見光穿透率)，好、更精準來說上述產品透光率依序分別為9%、20%、31%、49%、69%。 基本上，透光率越低隔熱效果越好，當然隱密性也高。從業者所提供的隔熱數值來看SMART-10紅外線阻隔率達85%、總隔熱率為72%；SMART-20紅外線阻隔率達84.6%、總隔熱率為70%；SMART-30紅外線阻隔率達84.6%、總隔熱率為68%；SMART-50紅外線阻隔率達85%、總隔熱率為65%；最後SMART-70紅外線阻隔率達83%、總隔熱率為60%。 但透光率越低也越影響行車視線，因此一般會以透光率30%作為一個界線，低於30%以下就不建議貼前擋，而是貼在車側、後擋風、以及天窗。也就是說SMART-10、SMART-20屬於非前擋隔熱紙、SMART-30是前擋隔熱紙的最大極限、也是可貼車身的隔熱紙選擇。而SMART-50、SMART-70則是標準的前擋隔熱紙。5款新隔熱紙建議售價：前檔1萬5000元、扣除前擋的車身為3萬元。(陳宏銘/綜合報導) 更多「 世界任我行」內容，請點此： http://bit.ly/2GOqTAv,2019-08-13 00:05:00,3C車市,https://tw.lifestyle.appledaily.com/gadget/realtime/20190813/1615802/
女明星愛牌FOR ART’S SAKE！ 極致限量售完不再量產,2015年發跡於時尚之都的英國倫敦時尚太陽眼鏡品牌 FOR ART’S SAKE，顧名思義因藝術而生。創辦人暨設計總監XIWEN ZHANG以藝術設計學經歷背景做基礎，加上對時裝的高敏感度，創作出的品牌系列款式受到各界愛戴，短時間內就從競爭激烈的英國時尚產業中脫穎而出 。憑藉著對視覺藝術的高敏感度，設計理念常伴隨著藝術與時尚兼容的角度，其獨具慧眼的風格與大膽的設計，讓 FOR ART’S SAKE 的每一款系列都像似不可多得的藝術創作品。設計師認為現今年輕族群已不再盲目跟隨潮流，反而更追求獨特風格，因此品牌不媚俗於市場趨勢，卻也不過分張揚，以突發奇想的設計概念與玩味風格獨佔全球市場，成立短短幾年已成為全球六百多家據點的指標性眼鏡品牌。你所知道的明星也追 FOR ART’S SAKE 太陽眼鏡除了是不可或缺的炎夏必備之物，不僅阻擋紫外線，更是成為造型中的亮眼點綴，簡單 T- Shirt 牛仔褲，只要搭配一副有型的眼鏡就能散發明星光彩。品牌近年更因為許多國際巨星及各地潮人追捧而紅遍全球成為社群寵兒，為保障每款系列的珍貴，一旦售完便不再量產。如此獨特的限量時尚，讓眾多明星們趨之若鶩，其中包含國際巨星 Beyoncé 與 J Lo、國際時尚名媛 Olivia Palermo、美國好萊塢影星 Lily Collins、亞洲天后蔡依林、中國知名歌手吳亦凡、香港電音天后鄭秀文、氣質女神侯佩岑等名人青睞，更有無數社群意見領袖們在自媒體平台分享，如莫莉、Eva Chen、Amiee Song 等人。（賴姿穎/綜合報導）更多「 消費新鮮事」內容，請點此：http://bit.ly/2GOqTAv,2019-08-13 00:05:00,吃喝玩樂,https://tw.lifestyle.appledaily.com/lifestyle/realtime/20190813/1615533/
三星Note 10旗艦雙機皇　台灣售價今公開,三星上周於紐約發表新旗艦機Galaxy Note 10系列，主打旗下最大螢幕、全新搭載六軸感應器的觸控筆S Pen、更大的電量與高規格，除了過去的Samsung DeX行動辦公功能外，更加了入景深特效錄影、手繪動態攝影(AR Doodle)，及獨創的遠距焦點收音輔助用戶的影音創作。此外，這也是Note系列首次推出雙機皇。 台灣三星電子今(13)日將舉行Note 10系列上市記者會，由三星大中華區總裁權桂賢將登台宣布相關上市消息，包括台灣售價、上市日期、手機配件、預購優惠與電信資費等。先前的發表會三星宣布推出4款Note 10，兩尺寸分別具LTE、5G版本，台灣將不會引進5G版。 參考美國開賣訊息，Note 10售價949美元(約台幣2萬9812元)、Note 10+則售1099美元(約台幣3萬4525元)，台灣開賣顏色應為星環銀、星環黑、星環白等3色。關於正式台灣售價與相關消息，《蘋果新聞網》記者稍晚將帶來進一步報導。（廖家葆／綜合報導） 更多「消費新鮮事」內容，請點此：http://bit.ly/2GOqTAv,2019-08-13 00:05:00,3C車市,https://tw.lifestyle.appledaily.com/gadget/realtime/20190813/1615618/
小島秀夫新作《Death Stranding》　實體版即日開放預購,將於11/8發售的PS4遊戲《Death Stranding》，台灣索尼互動娛樂(SIET)正式宣布藍光光碟版即日起開放預購，玩家可於全台PlayStation特約經銷商預訂，藍光光碟普通版售價1790元、藍光光碟特別版2090元，藍光光碟珍藏版則售5990元，成功預訂可獲得《Death Stranding》限量證件套1個，數量有限、送完為止。 另外，數位下載版也可於PlayStation Store預購，普通下載版售1790元，豪華下載版售2390元。由傳奇遊戲製作人小島秀夫及其Kojima Productions工作室打造，《Death Stranding》每年E3電玩展一步步釋出令人摸不著頭緒的片段，神祕詭譎的風格讓它成為近年玩家最期待的遊戲，找來包括Mads Mikkelsen、Norman Reedus等好萊塢影星「參演」，料將改變遊戲界風貌。 《Death Stranding》玩法近似動作冒險，然而小島秀夫打破了遊戲分類的框架，以牽絆、聯繫為主題。本作設定在不久的未來，神秘的爆炸震撼了全地球，引發一連串世人稱為「死亡擱淺」的超自然事件，鬼魅般的怪物肆虐大地，地球面臨大滅絕危機，玩家扮演的山姆布喬斯(Sam Bridges)將是唯一能拯救全人類的重要角色。（廖家葆／綜合報導） 更多「玩樂急先鋒」內容，請點此：http://bit.ly/2GOqTAv,2019-08-13 00:05:00,3C車市,https://tw.lifestyle.appledaily.com/gadget/realtime/20190813/1615593/
【女星坐月子】侯佩岑誕兒135萬買清淨　昆凌生女220萬包層最金貴,女明星產後住月子中心稀鬆平常，有時更大手筆「包層」可保有隱私不被打擾。侯佩岑2014年9月產子後入住英倫產後護理之家，包下整層月花135萬元。安以軒上月住進禾馨士林產後護理之家，也花百萬包一層共3間房。而周杰倫（周董）最大手筆，2015年7月埋單近220萬元在璽悅金山產後護理之家包層，讓愛妻昆凌安心坐月子。侯佩岑住的英倫產後護理之家地點隱密，不但有專屬廚房，還有SPA房及洗髮室，當時她住英倫VIP尊寵房，1天要價4.5萬元，一層樓共50坪，出入還有勞斯萊斯接送，堪稱貴婦級的新手媽媽。安以軒上個月產下寶貝兒子「66」，則砸超過百萬元包禾馨士林產後護理之家一層近30坪。周董老婆昆凌2015年7月剖腹生女，入住僅25個房間的璽悅，而且出入嚴格管控，入住家屬擁有特殊手環，車子開進車道需掃描手環才能進入，電梯也得手環感應才能啟動。 她住的13坪貴賓房配有OSIM太空艙按摩椅、醫療級空氣清淨機等高檔設備，1天要價1萬2000元，該樓層則有6個房間，包層費推估近220萬元。（宇若霏／綜合報導）,2019-08-13 00:04:00,娛樂時尚,https://tw.entertainment.appledaily.com/realtime/20190813/1615604/
香港區議員黃學禮：就算是區議員，我仍被突襲撲倒,黃學禮／沙田區議員8月6日浸大學生會會長方仲賢因在深水埗購買雷射筆，被警方以藏有攻擊性武器為名拘捕，激起附近街坊及市民包圍深水埗警署聲援，事實上在那天晚上我並沒有多留意這則新聞，因反修例運動以來，基本上每天晚上都有事情發生，荒謬之事接踵不絕，我對於資訊的接收已經甚為麻木。 那天晚上，我正和友人享用晚餐，享受眼前的杯中物，把政治暫時放在一旁。直至收到電話求助，指深水埗有大量防暴警察出動，希望我到現場了解，我乘坐友人的私家車到達現場時，已接近凌晨一時。現場都是附近的居民為主，氣氛亦甚為平靜，只有零星的對罵，我當時非常不明白，為何有這麼多的防暴警察封鎖了附近的街道，十數分鐘後，警方突然推進，而其實當時大部分的市民已經散去，突然有防暴警從我的左邊撲出，用盾牌重擊我的左耳，繼而有十數位防暴警察一同撲上把我重重按倒在地，一邊用盾牌及警棍抽打，一邊叫我冷靜，還有人指稱被壓在地上的我襲警，十分可笑。 我好不容易才能站直身體，發現已被數十位防暴警察包圍，他們的情緒十分激動，我高呼自己是沙田區議員黃學禮，成功吸引傳媒過來拍攝，防暴警察得知我是議員身分後情緒反而更為激動，有一位警員向前指責我襲警和暴動，當時我很是納悶，反斥警員，「為何站在街上也會是暴動，難道香港已經進入了戒嚴時期？」更有警員表示曾投票給我，他對我十分失望。其實，被警方使用武力對待的香港市民們都有納稅供養他們，警方在鏡頭下的種種失控行為，又是不是令市民失望呢？最後，我被警方以非法集結的理由帶返警署調查，在警署中有和我一同被捕的市民，是幾位年輕的大學生和一名較年長的男士，這位男士向我表示他只是下班路過現場就被拘捕了，如此無差別的濫捕不僅極度擾民，更造成白色恐怖，政府如何能爭取民意呢？在警署中，可能因為我的議員身分，警員對我亦較為客氣，並沒有其他抗爭者描述用粗言穢語辱罵，不少警員和我談話中，凸顯了他們較為偏頗的政治觀念，例如總覺得示威者是收了錢才出來搞事，又或者整個示威是某些政黨發動的。事實上，兩個月多的反修例運動以來，沒有一個政黨能夠控制號召市民上街，沒有大台才是反修例運動的特色，警員的想法可見他們對於局勢的掌握其實有限。在這次的反修例運動中，主力是00後的年輕人們，他們其實都是在中國統治下出生的並未經歷港英年代，所受的教育亦全都是特區政府安排的，他們站出來正正顯示了政府的失敗。冰凍三尺，非一日之寒，香港政府近年對不同的意見採用對抗性鬥爭的方法，只求消滅反對意見，在2014年雨傘運動中所顯示出來的問題，政府不但沒有從該次運動中反省，還變本加厲打壓反對聲音，令民怨一直在累積，反修例運動只是一根火柴將香港一直累積的火藥桶引爆，即便最後能夠平息近月的示威，也只會為下次更大型的群眾活動鋪路。有不少警員都問我，認為這次運動怎樣才能平息？我想，「政治問題、政治解決」，政府一直躲在警隊身後是無助解決任何問題，只會令衝突繼續激化無法平息。,2019-08-13 00:04:00,論壇,https://tw.news.appledaily.com/forum/realtime/20190813/1615663/
抗爭不斷升級　香港經濟恐陷10年來首見衰退,席捲全香港的反送中抗議浪潮，可能使香港陷入2009年來首見經濟衰退！ 《彭博》經濟學家歐樂鷹（Tom Orlik）和萬千（Qian Wan）撰文指出，已因貿易戰和中國經濟減速蒙受打擊的香港經濟，如今已然無力應對不斷升級的示威衝突所帶來的衝擊，使經濟展望看來比當初「佔中」運動時更惡劣。 為衡量這波抗議浪潮的潛在衝擊，歐樂鷹和萬千研究了2014年「佔中」對香港經濟成長的影響： ◎2014年第4季「佔中」運動發生後，香港GDP（國內生產毛額）年增率放緩至2.6%，不如第3季的3.2%。 ◎這次反送中抗議爆發時，經濟成長已經處於十分低迷的水準（今年第2季GDP年增率僅0.6%），與「佔中」程度相當的成長減緩，將把香港推向衰退邊緣。 ◎2014年經濟最明顯減弱的一環，是到訪香港的中國遊客數量大減，使觀光業陷入萎縮長達1年；但這次抗議規模更大，加上大罷工、零售銷售萎縮、財富管理產業的脆弱性及房地產市場疲弱跡象，都預示將對經濟造成更大影響。 此次抗議朝影響恐怕更嚴重，有諸多原因： ◎如今香港經濟成長的起點較低。今年第2季GDP僅成長0.6%，從如此緩慢的成長速度直接步入衰退很容易。 ◎抗爭規模更大。根據民間人權陣線（Civil Human Rights Front）數據，2014年「佔中」參與人數最高達50萬人，但此次反送中抗議人數最多有200萬人參與，相當於香港總人口數的27%。 ◎2014年旅客人數驟情景再現。近來示威衝突不斷，多個國家已針對香港發出旅遊警示，觀光業料將遭受重創。今年第2季來自中國的旅客數量年增13%，如果下半年增幅回落到零，估將使下半年GDP成長減少約0.4個百分點。 ◎即使沒有抗議浪潮，貿易戰、中國經濟減速及人民幣貶值，都將對香港經濟造成壓力。在川普政府宣布第4波關稅前，今年6月香港出口已較上年同期銳減9%，且過去1年來人民幣兌港元大貶3.2%，將削弱陸客在香港的消費力。 其他值得擔心的情況： ◎更多罷工。目前仍清楚有多少人參與了上周一（8/5）的全港大罷工，或這類罷工抗議活動會否再次上演。如果罷工頻繁發生，工作天數縮減將導致產出下滑；在上班時間中斷通勤的抗議活動，也將對生產造成拖累。 ◎本地人消費支出減少。示威抗爭對消費信心的衝擊，可能意味著民眾將更傾向縮衣節食、進行儲蓄，和觀光收入減弱形成雙重打擊。今年6月香港零售銷售較上年同期萎縮達6.7%。（劉利貞／綜合外電報導）,2019-08-13 00:04:00,財經地產,https://tw.finance.appledaily.com/realtime/20190813/1615749/
台灣奧迪推創世代豪華陣線　新A6/A7/A8八月二十二日齊發,台灣奧迪在8/12對媒體發出邀請，原本預計於8/22舉辦的全新A8發表會，將追加全新A6及A7組成「奧迪全新創世代豪華陣線」共同亮相。事實上，台灣奧迪在先前即已針對全新A8，報出A8 50 TDI quattro及A8 L 55 TFSI quattro Premium兩種車型預售價，前者為398萬元起、後者則是559萬元起。另外，業者也報出新A6 Avant 45 TFSI quattro S line及A7 Sportback 45 TFSI quattro兩款車型預售價，前者334萬元起、後者則是349 萬元起。（吳凌祺/綜合報導）更多「 世界任我行」內容，請點此： http://bit.ly/2GOqTAv ,2019-08-13 00:04:00,3C車市,https://tw.lifestyle.appledaily.com/gadget/realtime/20190813/1615811/
香港天水圍少女：​我仍不知內褲是否被港警扯下  ,Chloe／天水圍少女 寫於2019年，對21歲的我而言，最漫長的炎夏。8月5日凌晨，也許是我人生最漫長的十幾分鐘。 上一秒我還有一張兇狠的嘴，還懂得推走在前面的女孩子。下一秒的我已被逾十名陌生男警牢牢壓在地上無法動彈。雙手被索帶綁得沒有空隙，背後傳來警棍混合腳踢的痛楚，頸和胸口被強而有力的手掌壓得難以呼吸，耳邊環繞著「臭雞」、「八婆」等夾雜粗口橫飛的辱罵字眼，頭髮被抓住，口罩被扯開，頭上的帽子亦不翼而飛，轉眼間有如被「五馬分屍」，四肢都由不同的陌生男警拉著抬起，我僅有自己的嘴巴能控制，不停大喊「記者」、「女警」、「我的裙子」、「我要站起身」，但很快只剩慘叫，就被抬走拖行一條馬路，那條我熟悉的馬路。 余鎧均高級警司說：「因為她穿著裙子，激烈掙扎，所以出現了你們在鏡頭看到的事情。」如果我沒用盡全身僅餘力氣忍痛把自己狠狠摔到地上，我大概沒機會站起來走路，鏡頭前不會出現我自行走進警署門口的一幕。 踏進沒有鏡頭的警署門內，被推撞失衡的我，頸和胸口上再次被毫不熟悉的手掌壓緊，幸好還有一口氣說話，我要求拉起我，卻被推撞入房間，聽著聲稱穿制服就是警察的女防暴指責我「很重、很胖」，錄口供的CID女警引用佐級協會的話指責我是「蟑螂」，還有路過的男警說「明明還挺漂亮幹嘛沒腦袋」，然後我看見我的袋子勾著一束被扯落的頭髮……。 除了必須提供的個人資料外，我什麼都沒有說。我心想，同行的朋友應該快要瘋掉，他們會有多自責救不到我；希望父母在家沒有看直播，我擔心母親會激動昏倒；心裡有數知道剛才的畫面肯定不堪入目，手足們大概認為我沒可能安然無恙，會不會憤怒得失去理智；到底我一直盼望的日子，要到何年何日……。 腦海裡滿滿的情緒，我已無暇顧及警察的冷言冷語，與這些不分是非黑白的人溝通毫無意義，「我無話可說」，我叫理智控制情緒，告訴自己律師很快就會到達，我會平安無事回家，雖然電話被沒收但無論如何都別解鎖，我只要沉默靜待時間過去就好。 在警署裡恍如隔世渡過了5、6小時，保釋離開後，聽到的消息是「風雨蘭（關注婦女性暴力協會）非常關注天水圍少女事件」，連登討論區的反應有如暴動，馬上有手足「吹雞」下午一時到警署門外聲援我、素未謀面的他們憤怒擔心到流淚、文宣組想利用我的事件做文宣，卻首要考慮我的感受，怕對我造成傷害……我盡快在連登報平安，為免發放過多負能量而故意說得雲淡風輕。 補領電話卡跟朋友取得聯絡後，他們都快崩潰。至今我仍不知道內褲有沒有掉下來，因為重點是警方的過分武力對待被捕人士，重點從來都不是我的衣著、我裙子的長度、我的內褲有否鬆脫。 5年前的敗仗，叫我心裡滿是失敗主義，失去希望，感到無力。我常說我要做「港豬」，我是個「垃圾港女」，我要每天化妝打扮吃喝玩樂地過生活，卻不知為何無法控制自己的腳步一次又一次走上街頭、在「煲底」（立法會示威區）留守，帶上與我毫不相襯的頭盔眼罩防毒面具。 6月12日，本來打算做個「和理非」的我，只帶著普通口罩，拿著兩枝鹽水為勇士洗眼，卻有一波又一波催淚彈向我襲來。眼睛和咽喉像被火燒的痛楚告訴我，早已沒有所謂「勇武」、「和理非」之分，是香港人就不得不面對這醜陋的獨裁政權。 6月15日，烈士梁先生為港死諫危坐太古廣場，6月29日，與我同齡21歲的盧同學在牆上留下遺言後與世長辭，「以小命換取200萬人的心願」，我為不相識的人在巴士上哭得不顧他人目光，還有鄔小姐、麥小姐，現時想起這些逝去的生命仍心如刀割。是怎樣的政權，迫使我們這些蟻民絕望如此？然而這個地方是我土生土長的家。 日子一天一天過去，身邊的朋友漸感厭倦，我就隻身一人走出去，亦不敢缺席任何一次抗爭，自知力量微小，但仍希望盡力付出，或許能改變一點。7月14日，在沙田源禾路十字路口，有個女孩穿上一身裝備站上迴旋處鐵欄。有兩位「巴打」看見她，叫她跟著一起走。兵荒馬亂之時，雖然素未謀面，但願意拉起陌生的手捨命相救，如果沒有他倆，那女孩應該在新城市廣場被防暴用胡椒噴霧攻擊逮捕了。 隨著抗爭日久，我練成了對催淚彈的抗體，但我感到無力，好想付出更多、更多。自知體力不足，走上前線形同負累，我常常問自己還可以做什麼？機緣巧合認識了一群戰友，組織一支新小隊，走上較前線。7月28日，肩負沉重責任，由遮打花園沿路趕至銅鑼灣崇光百貨對外，又從銅鑼灣回頭趕至上環，雖然筋疲力盡，但我們聽見好多句「謝謝」，還有好多掌聲，真的再疲累也沒關係，又瞬間得到好多力量。 「妳好好養傷，我會為妳討回公道」、「今天我會為妳打仗，我正準備出去，如果12時之前我沒有回覆，就把我們的對話紀錄刪掉」、「妳乖乖不要出去，妳不像我，妳有美好幸福的家庭」、「有妳這戰友是我的榮幸」、「我已做好面對刀槍的心理準備」……這是幾位不同的朋友傳給我的訊息，像訣別一樣，秒速把我內心深處的防線摧毀。 身體皮外傷會慢慢治癒，有酒精作情緒支援可以換一夕安眠，雖然深知要換來真正民主無法不付出代價，可是無論如何都無法眼睜睜看著手足犧牲，這是個每一刻都教人難過得想哭的時代。 「雖千萬人吾往矣」、「生命誠可貴，愛情價更高；若為自由故，兩者皆可拋」，我曾經很愛把這兩句話掛在口邊，感嘆那義無反顧的勇敢，但現在我不敢說了，我們的生命明明如此脆弱，政權卻迫使我們的血肉之軀無所畏懼。「到底什麼時候可以開心地和你見面？」曾經有人這樣問過，但我不懂回答。這個夏天真的好漫長，這場仗同樣好漫長，到底什麼時候，我們才可以脫下口罩、卸下防備以真面目相見呢？我要把眼淚留到那天。,2019-08-13 00:03:00,論壇,https://tw.news.appledaily.com/forum/realtime/20190813/1615639/
藍議員批黃捷黑心募物資　「躲台灣挑撥香港藉機出名」,香港反送中活動持續延燒，示威者卻遭到港警暴力對待甚至警黑合作攻擊，時代力量高雄市議員「白眼女神」黃捷和許多台灣人響應聲援香港募集物資，但國民黨桃園市議員詹江村提告黃捷違反《國安法》，同黨的台北市議員游淑慧則是抨擊黃捷此舉是「死道友不死貧道」，自己躲在台灣去挑撥香港，「藉機募集和出名」。游淑慧昨天在粉專發文直斥，所以「港人向前衝、台灣做後勤」的論調，根本就是要香港民眾往前衝，然後黃捷和民進黨在後面收割選票，這種作法她無法認同，「躲在台灣、挑撥香港，藉機募集和出名……很偉大嗎？這根本是黑心政客。因為，不論香港變成什麼樣，在台灣的他們，什麼都不會損失，還能獲得政治利益！」而詹江村昨晚則在粉專發文問網友，「如果台灣百姓，長期上街頭，抗爭民進黨政府的貪瀆；中共公開提供，抗爭者資源之所需，請問大家能接受嗎？」（即時新聞中心／綜合報導）  ,2019-08-13 00:03:00,政治,https://tw.news.appledaily.com/politics/realtime/20190813/1615816/
【百姓的苦與痛】我屏東我衰小！吃飯配雞屎味臭昏　枋寮人怒批沒縣長,呼吸竟變成奢侈的享受，日復一日，「空襲警報」隨時可能「響起」，若動作太慢，沒來得急關門窗，惡臭便會遭轟炸一晚，只能吃安眠藥入睡，「每天都在和雞屎惡臭抗爭，很痛苦，但好像沒有贏的一天……」全國最知名的養雞場，當屬屏東縣枋寮鄉新開地段的樂樂、新開、和平、仁愛、成功等五座相連的養雞場。立委黃國昌今年五月三十日在立法院大動作指控它們違法，大罵農委會與屏東縣政府包庇養雞場，但在此之前，當地居民已經抗爭五年，也流淚五年了！《蘋果新聞網》在盛夏傍晚隨著枋寮鄉鄉民代表林文央抵達水底寮，這裡與樂樂養雞場的直線距離僅約五百公尺，雞屎惡臭首當其衝。林文央說，黃昏時刻的水底寮，早年可見到居民拿著板凳、手持扇子坐在騎樓下聊天，但雞屎惡臭如同一隻惡魔的手，撕毀這幅悠閒景象，「若是講到養雞場，真的只有目屎流（台語，意指流淚）。」這天正好下著雨，《蘋果》晚上七點多來到一戶陳姓居民家中，正是晚餐時間，女主人站在屋外望向養雞場，眼眶泛淚，用緩慢且無奈的語氣跟《蘋果》聊起了對抗雞屎惡臭的過程。突然間，女主人鼻頭一嗅聞，轉身奔向屋內，《蘋果》跟著她的腳步，只見她慌張地沿著樓梯跑到二樓、三樓一路關窗戶，最後回到一樓客廳關上大門，打開循環扇，她嘴裡不斷叨念著：「今天臭味怎麼那麼快就來了，窗戶關太慢了……」。此時《蘋果》也聞到一股刺鼻作嘔的臭味，完成「每日關窗任務」的女主人卻輕描淡寫地說：「每天這個時候，雞場風扇一開，臭味就出來，今天下雨，雞屎臭味算淡，有時候是現在的一百倍！」她形容，這股臭味就像空襲警報般，每天如臨大敵、隨時備戰，一聞到，下意識就要先關窗。如果動作太慢，臭味就會飄進屋內陪著你睡覺，逼得她得吞下一兩顆安眠藥才有辦法入睡。鄰居也抱怨，有時臭到吃飯吃不下，還會忍不住吐出來。林文央更氣得抱怨，「每次都說要罰錢，潘孟安說罰了三次就撤照，說得很好聽，但現在沒有半張罰單。」「惡夢總有醒來的一刻，可是我們每天都在和雞屎惡臭抗爭，很痛苦，但好像沒有贏的一天……」。這場惡夢始於五年前，屏東縣議員周碧雲開了樂樂等五座養雞場，因不斷飄散出雞屎惡臭，嚴重影響居民生活，引發反彈。居民除了徹夜抗議，還曾扛出神轎抓雞妖，最後組成自救會向屏東縣府陳情。縣府環保局曾因臭味問題開罰周碧雲十萬元，最後卻因無法認定是哪一座養雞場飄出的臭味，遭周碧雲訴願成功，撤銷罰單。但自救會發現，根據《畜牧法》規定：「飼養同一種類之家畜或家禽，使用共同之水表、電表、排水口或同一圍籬（牆）內者，應合併計算其飼養規模。」也就是說，樂樂等五座養雞場應該要有五組水表、電表、獨立水源等，但實際上卻共用一組，已違反《畜牧法》中的「分場原則」；理應合併計算規模，五座養雞場其實應該算成一座養雞場，所以並不應該有因為不知道是哪一座養雞場飄出臭味而無法開罰的問題。至於為什麼周碧雲要把一座養雞場登記成五座，他們指出，因為每座養雞場飼養逾八萬隻必須符合《廢棄物清理法》規定，超過十萬隻就牽涉到《水污染防治法》，周碧雲為了規避法令才這麼做。兩年前，縣府農業處據此上門稽查，但不得其門而入。稽查人員致電周碧雲的丈夫郭振堂，表示要依法處理，竟遭嗆「依你懶叫（台語，意指男性生殖器）」。雖然郭振堂因此被法院判拘役三十天，但雞屎惡臭依舊。自救會發現，養雞場未依《畜牧法》申請，便拆除圍籬等農業設施，已經違法，縣府農業處2015年八月據此開罰每場五萬元，共計二十五萬元，並要求限期改善，否則可連續開罰，甚至廢除養雞場的註銷畜牧場登記證，養雞場就得關門大吉。而周碧雲2017年七月補向枋寮鄉公所提出變更農業設施的申請，但枋寮鄉公所一直沒有初審，所以農業處也無法繼續依此開罰或註銷畜牧場登記證，直到新的鄉長陳亞麟上任，公所才在上月11日完成初審。 陳亞麟對此解釋，他也不知道前朝為什麼不進行初審。由於周碧雲是現任屏東縣議長周典論的姪女，而周典論與屏東縣長潘孟安關係密切，不少居民懷疑縣府因此坦護周碧雲夫婦，犧牲居民權益。「縣長是要讓水底寮廢村嗎？」鄉民代表林文央是樂樂養雞場抗爭行動的靈魂人物，他直指，抗爭五年來，縣府完全沒幫助，業者也不見改善。且潘孟安已沒有連任的壓力，縣府顯然想要耗弱當地反對的聲音，要村民受不了惡臭而搬走，「老百姓連生存的權利都沒有嗎？」談什麼我屏東我驕傲，我看是「我屏東，我衰小！」「除了抗爭外，曾想過搬走嗎？」聽到《蘋果》這麼問，陳姓女主人幽幽地說，「這是祖先代代相傳的房子，叫我們後輩如何棄屋搬離。」她表示，從祖先落腳在此，原址不斷翻修、改建，已有百年歷史。早期因水底寮空氣好，便留了特別多的窗戶，通風又涼爽，想不到這些窗戶如今淪為雞屎惡臭入侵的缺口，住在裡頭有如「悶豆菜」，難以呼吸，屋內循環扇沒有停過、冷氣必須吹到天亮，後來為了雙層防臭，還加裝了百葉窗。五年過去了，除了房屋防護設施愈來愈多，居民的神經愈來愈衰弱外，什麼都沒有改變。直到自救會前會長張仁吉日前找上黃國昌在立法院質詢農委會官員，黃國昌甚至南下夜宿水底寮體驗惡臭，而屏東縣議員蔣月惠也為此前往總統府前抗議，才讓居民的痛苦變成社會矚目的焦點。枋寮鄉公所上月十一日完成初審養雞場拆除圍籬的變更農業設施申請，認定違法。縣府七月二十二日複審，進一步認定是否未經申請便拆除圍籬只是其中一個問題，更關鍵的就是之前自救會提到的，這五座養雞場沒有各自獨立的水表、電表與水源等，所以應該合併計算規模為一座養雞場，周碧雲必須變更申請為一場，並依據雞隻數量，符合《廢棄物清理法》與《水污染防治法》的規定，否則便違反《畜牧法》規定，得處三萬至十五萬元不等罰鍰，若連續三次裁處仍未改善，將註銷其畜牧場登記證。但風頭過後，這項裁處會不會又像之前一樣，再因周碧雲訴願而取消？大家真的能從惡夢中醒來嗎？居民還在等待。(李卉婷、陳宏銘、羅琦文／屏東報導)===政府回應===屏東縣府環保局局長顏幸苑表示，縣府沒有包庇周碧雲經營的五座養雞場，他們五年來稽查養雞場氣味十一次，其中有三次沒有通過，可惜開罰後被周碧雲訴願成功。縣府之後會繼續不定期、不定時地稽查把關。周碧雲回應，雞場畜牧場登記證104年向屏東縣政府登記有案，一直到今年雞場現況都與原先申請時相符，難道屏東縣政府「高興就核准，不高興就違法嗎？」砲轟屏東縣政府根本自打嘴巴。她也堅持，雞場從頭到尾都合法，也引進最先進的水簾式設備，兼具環保功能，添購除臭設施，不知居民說的雞屎臭味問題從何而來？至於黃國昌接連在國會質詢雞場違法問題，周碧雲則回應：「他在表演啦！不予置評！」,2019-08-13 00:03:00,社會,https://tw.news.appledaily.com/local/realtime/20190813/1613750/
貿易戰火燒屁股　中國製造商加速外移,"《日經亞洲評論》報導，隨著美中貿易戰持續延燒，中國企業也紛紛跟隨外國同業的腳步，準備將生產外移到越南等其他地區，以減輕貿易戰造成的衝擊。 從去年6月以來，已有33家中國上市企業在上海或深圳證券交易所披露，將赴海外生產或擴大海外生產的計劃。如同在中國設廠的外國製造商，美國總統川普向中國輸美貨物施加關稅、中國本土薪資與其他成本上升，正促使中國廠商外移。 在上述33家企業中，近70%將越南視為優先選擇的外移目的地，其餘選項則包括柬埔寨、印度、馬來西亞、墨西哥、塞爾維亞、泰國等。 浙江省金華春光橡塑（Jinhua Chunguang Technology Co., Ltd.）即是其中1家打算將生產外移的中國企業。金華春光上月19日才宣布，將投資435萬美元（約1.37億元台幣）在越南設立製造基地，稱此舉是為回應「國際環境變化」，同時也是該公司全球擴張計劃的一環。 金華春光專門生產用於吸塵器等電器的橡膠軟管，屬於川普政府在2018下半年祭出的第3波懲罰性關稅措施課徵範圍。 浙江恒林椅業（Zhejiang Henglin Chair Industry Co., Ltd.）準備投資4800萬美元（約15.07億元台幣）加速海外生產擴張，且已在越南收購了1家台灣企業的工廠。恒林的客戶包括瑞典IKEA、日本宜得利家居（NITORI）等連鎖傢俱品牌，該公司1位幹部向《日經》透露：「我們將在下半年投產。」 《日經》未提及恒林收購的越南工廠原本所屬台企。但從上海證券交的公告來看，去年12月恒林透過旗下子公司香港美家投資，以2080萬美元（約6.53億元台幣）買下了大同越南責任公司100%股權。這樁交易一度惹來大同將越南廠賤賣給中資企業的爭議，使部份投資人敦促監管機關介入。 另外，紡織業者也決定在越南擴產。華孚時尚（HUAFU FASHION CO., LTD）去年12月斥資25億元人民幣（約112.18億元台幣）在越南設廠，以便就近採購更低廉的原物料、降低人力人本，並規避關稅壁壘。 根據國際勞工組織（ILO），至2017年止的5年間，中國名目薪資水準飆升了44%至每月6193元人民幣（約2.78萬元台幣），比越南（30%）、馬來西亞（28%）、墨西哥（11%）等國同期增幅都來得大。 早在貿易戰爆發前，人力成本竄升已促使企業向海外遷移。事實上，從2001年來中國一直有鼓勵企業「走出去」的政策，但因中國本土市場巨大，幾乎沒有多少企業感受到有外移的迫切必要。 但國際信評機構惠譽（Fitch）旗下調研單位Fitch Solutions風險分析師Darren Tay說：「美中貿易戰在短期內加速了這股外移趨勢，使馬來西亞、泰國、越南等地成為潛在受惠國家。」 IHS Markit駐新加坡經濟學家Rajiv Biswas指出，有競爭力的薪資水準並非這些國家吸引外國投資人的唯一因素，還有「具備技術與良好教育的勞動力、不錯的基礎設施及強大的自由貿易協定（FTA）網絡，包括隸屬於東協自由貿易區（ASEAN Free Trade Area）和歐盟-越南FTA」也都是原因。 Rajiv Biswas認為，來自中國的投資從天然資源與基礎建設分散到製造領域，將受到許多開發國家中歡迎。「許多開發中國家仍依賴大宗商品出口，這些國家的政府將扶植本土製造業以發展多元經濟、創造新就業機會，視為高度政策優先。」（劉利貞／綜合外電報導）",2019-08-13 00:03:00,財經地產,https://tw.finance.appledaily.com/realtime/20190813/1615713/
UNDER ARMOUR因應全位置打法  今夏推團隊籃球鞋！,當今籃球比賽節奏變得更快速，球員在場上的位置與分工漸趨模糊，技術要求也更加全面，球員必須能靈活變換打法，擁有與不同位置球員對位的攻防能力，才能融入進攻體系，獲得更多上場機會。因應現代籃球的全位置打法，專業運動品牌UNDER ARMOUR今夏推出頂級團隊籃球鞋「HOVR Havoc 2」，由費城七六人隊「大帝」Joel Embiid領軍，與紐約尼克隊扣將Dennis Smith Jr.和奧蘭多魔術隊「臂展怪物」Mo Bamba攜手分享！HOVR Havoc 2籃球鞋搭載HOVR旗艦中底科技，结合動能回彈和貼合穩定兩大特性，支持不同位置球員的共同需求，全方位肆虐球場。在當今禁區腳步近乎絕跡的NBA賽場，享有「新歐拉朱萬」美名的費城七六人中鋒Joel Embiid，以絕妙的禁區腳步變換，搭配靈活如鋒衛的切入，本季在場上展現高度的主宰能力。搶先體驗HOVR Havoc 2的Joel Embiid表示：「這是我穿過最為舒適的一雙籃球鞋，一穿上就等不及上場實戰！」HOVR Havoc 2中底採用全掌HOVR緩震中底，提供絕佳緩震和動能回彈；在中足部分則採用Y字型TPU支撐片，提升橫向運動的穩定性！而橡膠大底則運用人字刻紋設計，幫助強化腳底抓地力。HOVR Havoc 2提供絕佳穩定性，同時兼顧腳掌靈活度，對於身手靈活、進攻手段多元的大個子球員，全面釋放場上的進攻火力。在灌籃大賽上以驚人彈跳高度和爆發力一鳴驚人的紐約尼克控球後衛Dennis Smith Jr.曾實著一代多款配色上陣，他興奮表示：「HOVR中底是這雙鞋款最吸引我的部分，它十分回彈。人們對我的彈跳能力印象深刻，即便進行數小時的訓練，鞋款前掌仍充滿回彈，抓地力也十分出色。」相較初代，HOVR Havoc 2進化為全掌HOVR中底，腳感更加柔軟順暢，在外型上則採用中高筒與半襪套式鞋領設計，除了更加便於穿脫外，亦能有效強化中足包覆、增加防護；鞋面也調整為編織合成面料，提升足部舒適度與透氣性；搭配織網繫帶設計，有助緊鎖雙足。即便是需要全場奔馳四十分鐘的鋒衛球員在賽末關鍵時刻，仍可感受充足的中底回饋與反應。（賴姿穎/綜合報導）更多「 消費新鮮事」內容，請點此：http://bit.ly/2GOqTAv,2019-08-13 00:03:00,吃喝玩樂,https://tw.lifestyle.appledaily.com/lifestyle/realtime/20190813/1615539/
日本人氣復古咖啡廳「星乃珈琲店」登台　9月插旗台北南西商圈,咖啡簡餐控注意！繼客美多咖啡Komeda's Coffee之後，又有一家來自日本的連鎖咖啡店將要登台。在日本以復古風格裝潢為特色的連鎖高級咖啡廳「星乃珈琲店」（HOSHINO COFFEE），首店將進駐新光三越台北南西店一館的4樓，預計9月16日開幕，屆時咖啡控不用到日本就能體驗這家老派咖啡店，也引發不少網友熱烈討論。 在日本擁有200多家分店的星乃珈琲店從喫茶店盛行的名古屋起家，海外據點有新加坡、馬來西亞和印尼，除了復古風格之外，其現做柔軟蓬鬆的厚鬆餅也是不少人到店必點，星乃鬆餅標榜現點現做，需要等待20分鐘以上，除此之外餐點還有義大利麵、飯類、排餐與三明治輕食，選擇相當豐富。 星乃珈琲店於2012年首度在新加坡開設第一間海外分店，目前在星馬地區共設13間分店，台灣是第三個拓展海外分店的國家，台灣首站選在新光三越台北南西店一館4樓，預計於9月16日正式開幕。（孫崇軒／綜合報導） 更多「 消費新鮮事」內容，請點此：http://bit.ly/2GOqTAv,2019-08-13 00:03:00,吃喝玩樂,https://tw.lifestyle.appledaily.com/lifestyle/realtime/20190813/1615600/
「以後要怎麼教兒子」一句話決定開吉　韓國瑜：溫良恭儉、再也不讓,國民黨中評委陳宏昌前天公開力挺總統蔡英文連任，並稱「國民黨怎麼可以提名一個整天打麻將、整天吃喝玩樂抱女人的人當總統」，讓韓國瑜怒了，他昨晚近11時在臉書以「溫良恭儉、再也不讓」為標題，其中一句「夭壽！這樣以後要怎麼教兒子？」，他決定要追究到底、不善罷干休，並為了台灣社會「常懷菩薩心，當用霹靂手」，喊話陳宏昌三天之內公開道歉，否則將提出刑法第310條加重誹謗罪及民法侵權行為。 韓國瑜昨晚在臉書發文，「大家都知道，黑韓產業鏈在最近淒淒慘慘戚戚的台灣經濟裡不可不謂一枝獨秀」，他指出，一開始本著「愛與包容」以及「黑韓也算另類台灣拚經濟」的心情，對於那些為了利益不惜泯滅良知的抹黑、抹紅、抹黃等栽贓侮蔑者一笑置之，「但不得不承認，這世界上就是有些「我只是讓著你、你卻以為我怕你」的白目囡仔。」 韓國瑜自述，「我韓國瑜自從擔任市長以來，沒再打過一場麻將、也沒醉過一場酒，狎佞風月之事更是避之唯恐不及，真不知道這位陳宏昌先生是著了哪路小鬼的道，居然敢在湧蓮寺的觀世音菩薩面前為了自己的政治利益漫天撒謊、誹謗他人。」 韓國瑜提及，當聽到陳宏昌說「夭壽！這樣以後要怎麼教兒子？」時，他立刻決定一定要追究到底、絕不善罷干休，「因為如果我們放任這樣一個有錢有勢有身分的知名人士，任意在神明面前歹心烏肚的黑白講，一面陷害同志、一面汙衊清白，我想全台灣做父母都會擔心『夭壽！這樣以後要怎麼教孩子』？」 韓國瑜喊話陳宏昌，希望他能夠再回到湧蓮寺，好好對著觀世音菩薩的聖面想想這一切的因緣果報，「三天之內，我等待您的公開道歉，否則我們律師團將依刑法第310條加重誹謗罪及民法侵權行為，向您追究相關法律責任。」 韓國瑜指出，今天開始「溫良恭儉、我韓國瑜再也不讓」，為了整個台灣社會，他真的要「常懷菩薩心，當用霹靂手」，「不然，我們政壇一直充斥著這些抹黑不用負責、誹謗不用證據的無恥歪風，哪還有資格談什麼民主價值與人道精神的崇高追求？」(曾珮瑛/高雄報導) ,2019-08-13 00:02:00,政治,https://tw.news.appledaily.com/politics/realtime/20190813/1615810/
募集物資撐香港　呱吉：基於人性提供弱者自保裝備,香港反送中活動持續延燒，示威者卻遭到港警暴力對待甚至警黑合作攻擊，儘管時代力量高雄市議員「白眼女神」黃捷聲援香港募集物資，被國民黨桃園市議員詹江村提告違反《國安法》，但無損台灣支援香港的行動，無黨籍台北市議員「呱吉」邱威傑昨晚也在粉專轉發募集物資的文章，強調「我們並不是提供戰爭的道具，而是基於人性對弱者提供保護自己的裝備。給我們700公里外的朋友。」呱吉表示，日本動畫導演押井守的作品《犬狼傳說》，描述架空的日本戰後歷史裡，首都警方化身為不帶感情的武器，像馴服的獵犬執行國家權力，也像是狼一樣泯滅人性，而這種悲劇此刻卻正在香港發生，「我們不曾有任何一刻如此迫近這個科幻故事般的未來。」呱吉分享要募集濾毒罐（6006、60926）、濾棉（5N11、2097）和濾蓋（501、502），表示要提供給香港朋友的並不是用來戰場的道具，「而是基於人性對弱者提供保護自己的裝備。」（即時新聞中心／綜合報導）  ,2019-08-13 00:02:00,政治,https://tw.news.appledaily.com/politics/realtime/20190813/1615812/
【6蘋彩】吳克群終極發送30萬現金　限時搶號等你來,"來玩《6蘋彩》，周周發大財！！！《蘋果新聞網》為感謝升級壹會員們的支持，保證周周送出30萬獎金。周五上午10點至隔周四晚間7點開放「升級壹會員」選號，周四晚間8點將由系統隨機從當期選號組合中，抽出一組幸運的號碼，選擇此組幸運號碼的你，即可將獎金抱回家！！！《6蘋彩》第20190815期在8月15日晚上8點由歌手吳克群直播主持，開出30萬現金奬落誰家，這也是第1季最後1集，千萬不要錯過發大財的好機會！！！ 《蘋果新聞網》全心開始、全心出發，所有的新聞、影片、節目內容、賓果遊戲、親身接觸偶像巨星等，通通「升級壹會員」only，還要在8月15日送出30萬現金這麼好康！不用再等待，發財趁現在！快點我參加選號吧！吳克群表示：「我沒有什麼投資理財，投資這部份我超爛的，但是對運動彩我算有些了解。」問及有中過獎、拿過獎金的經驗嗎？他回憶：「我運動彩券曾押寶過NBA勇士隊的Curry（柯瑞）拿下MVP，而當年他果然拿下MVP，讓我賺了10萬台幣，我將一半的錢捐出去做公益，另一半的的獎金拿來請客吃飯。」 談到有無中獎的幸運數字或是小偏方，他直言自己沒有屬意任何幸運數字或是中獎偏方，倒是買樂透彩券，他有一番自己獨到見解，認為一直買相同的一組數字，「總有一天會輪到你（中獎）」。他也分享買運動彩的心得，輸球了也不要生氣，「動氣了、生氣就會一直輸，要學會冷靜與放鬆，不要一直糾結在比賽的情緒裡，贏了算你運氣好，輸了，也要做個有風度的球迷」。（林丞偉／台北報導） 大家好奇《6蘋彩》怎麼玩？請看以下詳細資訊： 玩法介紹：《6蘋彩》是每周開獎的賓果遊戲，選號範圍為01~33號，在指定選號時間內，只限升級壹會員可以任意選擇6個號碼，每周四晚間8點由名人為您直播，系統將隨機從當期參與選號的號碼組合中，抽出一組幸運的號碼，即可贏取當期獎金，並由專人通知領獎。 參加資格：限中華民國籍人士及《蘋果新聞網》「升級壹會員」，方有資格參加活動（壹傳媒集團員工及其親屬、相關廠商及其親屬不得參與此活動） 注意事項：．選號時間：每周五早上10:00起至隔周四晚間19:00止．開獎時間：每周四20:00於《蘋果新聞網》、《蘋果Live》、《娛樂蘋果派》、《蘋果台》由名人為您直播開獎．每人每期一次機會，號碼確認送出後，不得更改選號．開獎後一個月內必須完成領獎資料交齊，逾期作廢．中獎者須提供身份證正反影印本，以供主辦單位做代繳稅及提供扣繳憑單使用，若中獎人不願提供資料或未能依法繳納應繳稅額，則視同放棄得獎資格，獎項價值超過新台幣20,000元者，中獎者依法需自付10%稅額。主辦單位將開立各類所得稅扣繳憑單給中獎者。如果中獎者不願意給付得獎之稅額，則視為中獎者自動放棄領獎資格。．本活動壹傳媒集團員工及其親屬、相關廠商及其親屬不得參與此活動．主辦單位保有最終修改、變更、活動解釋及取消本活動之權利．活動問題請洽服務中心onlineservice@appledaily.com.tw．活動專線:0809-012-555按2　．前往6蘋彩發大財6蘋彩發財網址https://tw.feature.appledaily.com/lucky6/?fromSource=app ",2019-08-13 00:02:00,娛樂時尚,https://tw.entertainment.appledaily.com/realtime/20190813/1611881/
高宇蓁SUP划到厭世　「手指剩打字功能」,高宇蓁近期當品牌CEO壓力不小，趁空檔和好友戲水玩 Stand Up Paddle划槳(簡稱SUP)，平時勤游泳的她，體力不算差，但一整天從海口划到河道，還是讓她累翻了，她說：「真的划到厭世，也不能放棄，回家整隻手只有手指剩打字功能。」 高宇蓁和好友趙駿亞、周怡霈、潘逸安相約金山玩划槳，一開始以為就是像郊遊一樣，有山有水當散心，「沒想到SUP來回兩趟都遇到逆風」，前進相當吃力，短時間又回不了岸上，整個像在錄外景冒險節目，過程中會經過海灘、瀑布，景色宜人，不過人家錄外景節目是跑到腿軟，她是划到手軟，不過她強調「真的很開心、一起努力到終點的感覺很棒」，很難想像她會參加這樣的行程，她笑說：「我本來就陽光女孩啊，只是現在開公司比較沒時間。」(葉婉如／台北報導) ,2019-08-13 00:02:00,娛樂時尚,https://tw.entertainment.appledaily.com/realtime/20190813/1615603/
【811港警大濫射】陳文珊：與民為敵的港警會成交易籌碼嗎,"陳文珊／玄奘大學兼任助理教授、玉山神學院助理教授於1985年所創辦，有「警察和消防員奧運會」之稱的「世界警察和消防員運動會聯合會」（World Police and Fire Games），刻正（8月8日至18日）一連10天在中國成都舉行。據報導，當香港代表隊進場時，現場觀眾立即爆出歡呼聲，紛紛起立鼓掌並高呼「雄起」力挺香港警隊。荒謬的是，隨著反送中衝突升溫，香港警方業已遭全世界傳媒驚爆一連串警黑勾結、違法失控的醜聞。香港警察原本在英國治港晚期，堪稱為紀律嚴明的亞洲第一現代化警隊，近日卻屢遭批評，不單違法施以性暴力驅散人群，過當動用催淚彈等武力，業已違反國際人權公約，且自7月21日元朗暴動到8月11日血腥鎮壓，中國公安換裝假扮混入製造警民衝突的疑雲不斷。香港警察可以矇住良心以幾近屠殺的方式來驅離和平示威的青年人，定是以為，靠住「數位極權主義」的中國，從此就可以在往日榮光中發夢，安穩抱住長期高薪飯碗，扮「不見、不聞、不言」的三不猴。無怪乎，有參與警消奧運的警員宣稱，「到成都，好多世界各地不同國家，都知香港警察被打壓欺負，支持我們！」甚至，有警員在透過內地傳媒發出的感謝信中表示，「香港警隊有內地的同行們！有13億人民在支持我們！」殊不知，聯合國早已根據兩公約等國際人權公約，制定《執法人員國際人權準則》（UN Code of Conduct for Law Enforcement Officials），規定「執法人員應該僅在嚴格必要且執行勤務時必需的範圍內使用武力」（第3條），「沒有執法人員可以施加、煽動或容忍任何酷刑，或其他殘忍、不人道及有辱人格的待遇或刑罰。」（第5條）而這份人權準則雖無法律強制力，不過，聯合國經濟及社會理事會在1986年10月的會議中，為其背書，要求會員國應該設法確保將其落實在執法人員的勤務中，而聯合國大會亦在第41／149決議文中亦採納其議決。基於此，聯合國《執法人員使用武力及槍械基本原則》（U.N. Basic Principles on the Use of Force and Firearms by Law Enforcement Officials）進一步明確指出，執法應以維護人權為原則，且「政府應確保執法人員武力及槍械的任意濫用，根據其法律，形同刑事犯罪，是可遭受刑罰的」。而這些人權準則不是可以任意加以否決的，「國內政局不穩定或任何公共安全危機等例外處境，不得援引用以合理化任何對基本原則的背離作為。」至於內地同行的支持，如同不少呼籲「香港人不打香港人」的社運人士所指出的，一旦香港「只有一國，沒有兩制」，警隊勢必全數為中國公安所替換。屆時，現在這些香港警隊極可能被新的特區政府當作交易籌碼，來交換部分港人對現況的「袋住先」！不久「國際警察首長協會」（International Association of Chiefs of Police, IACP）即將在10月底於美國芝加哥舉行第126屆大會，信譽破產的香港警方在那樣一個國際的場合中，是否還能抬頭挺胸地說，「全世界好多不同國家都支持我們」？是否還能毫無羞愧地說自己對得住香港警察誓詞，「以不畏懼、不徇私、不對他人懷惡意、不敵視他人及忠誠、努力的態度行使職權，執行職務，並且毫不懷疑地服從上級長官的一切『合法』命令」？且讓我們拭目以待。",2019-08-13 00:02:00,論壇,https://tw.news.appledaily.com/forum/realtime/20190813/1615694/
炎熱夏季毛小孩如何遠離病灶？　資深獸醫師楊靜宇線上解惑,【編者按】《蘋果新聞網》進入會員新世代，為回饋升級壹會員支持，節目源源不絕推出。蘋果台推出以Video Talk形式呈現的節目，安排嘉賓與升級壹會員視訊對談。 夏日直逼攝氏40度的高溫讓人難耐，對毛小孩來說也是考驗。包括缺水中暑、厭食沒胃口、皮膚病等病灶，毛爸媽們能如何預防並即時發現呢？ 本周Pets Talk寵物座談，明（14）日將於蘋果台播出，《蘋果新聞網》邀請獸醫師楊靜宇與訓練師熊爸在線上與升級壹會員見面，剖析毛孩夏日病灶發生的原因和解決之道，毛爸媽們千萬別錯過。 楊靜宇除了是擁有逾30年經歷的獸醫師，也是現任台北市議員，經常以醫師專業的角度出發監督動保議題，為「不會說話、不能投票」的流浪動物發聲，更經常主辦動物義診與健檢；而本名王昱智的訓練師熊爸，從事動物訓練師超過20年，訓練過上萬隻狗，曾出版《熊爸教你了解狗狗的心事》等書，也參加不少知名狗狗廣告，擔任電影《南方小羊牧場》、《我的蛋男情人》、《沉默》等拍攝指導，經歷豐富。(副刊中心／台北報導),2019-08-13 00:02:00,吃喝玩樂,https://tw.lifestyle.appledaily.com/lifestyle/realtime/20190813/1615530/
颱風一走陳庭妮就「腳勤」　美腿配Nike Joyride新鞋吸睛,利奇馬颱風日前輕掃台灣，近來天氣回穩，女星陳庭妮（妮妮）一見颱風離台，已靜不住，迫不及展現「腳勤」，在IG上Po照寫道「一腳踢開壞天氣，放晴後要不要來跑個步」，還露肚、秀出又長又直雙腿，不知羨煞多少女性。陳庭妮當天跑步的造型頗為時髦，腳上所穿的鞋，正是運動品牌Nike日前推出的Nike Joyride Run Flyknit跑鞋，搭載由TPE緩震顆粒組成的Joyride中底科技，依照接觸地面面積大小，組成不同尺寸緩震顆粒艙，平均一雙鞋約有8000顆緩震顆粒，使得每一步緩震Q彈，而肉眼可見的色彩緩震顆粒，視覺效果十足。此外，她日前升格卡地亞（Cartier）珠寶大使，也沒忘大使本分，將Juste un Clou手鐲戴緊緊，看來妮妮跑步，裝備與時尚度一個都不能少。（林哲良／台北報導） ,2019-08-13 00:02:00,娛樂時尚,https://tw.entertainment.appledaily.com/realtime/20190813/1615571/
【155.99萬元起】Tesla Model 3 台灣正式發表　13日凌晨官網開放訂車,Tesla 今(12日)晚間於台南市美術館2館舉辦「Model 3亮相派對」，同時公布台灣各車款價格與售後服務計畫。據Tesla表示，針對台灣消費者所開發的Model 3選配與訂車系統，也將於8月13日凌晨00:30線上開放。台灣的 Model 3 引進三種版本，分別為 Performance、Long Range、Standard Range Plus。Performance 搭配雙馬達全輪驅動系統，0~100km/h加速僅需 3.4 秒，最高時速可達261km/h，定價 214萬9900元起。Long Range 同為雙馬達全輪驅動系統，0~100km/h加速僅需 4.6秒，續航里程達 560 公里，為三種版本中最佳，定價186萬9900元起。入門的Standard Range Plus 後輪驅動版本，百公里加速也僅需 5.6 秒，續航里程超過400公里，定價 155萬9900元起。為加速全球轉向永續能源的發展，Tesla 不斷在台灣投入更多資源，陸續於中南部設立服務中心，讓顧客享有更完善的後勤維修服務。除了保養廠建設，車主如遇到突發緊急或特殊情況， Tesla也能利用遠端診斷系統了解客戶問題並快速解決。2019下半年更引進與全球同步的智能售後服務：行動服務車（Mobile Service），此服務將優先於南台灣正式上路，讓維修不再受到地點限制。(林浩昇 / 台南報導)更多「 世界任我行」內容，請點此： http://bit.ly/2GOqTAv ,2019-08-13 00:01:00,3C車市,https://tw.lifestyle.appledaily.com/gadget/realtime/20190813/1615784/
【獨家】許志安維也納甩腥味　黏緊鄭秀文恩愛聊不停,香港天后鄭秀文（Sammi）原諒老公許志安偷吃，在完成紅館13場演唱會後，隨即跟著好友張衛健、張茜夫婦赴歐洲度假。《蘋果新聞網》讀者遍布海內外，本月11日維也納時間約下午4點15分，直擊野生鄭秀文與「腥夫」許志安，據讀者L先生描述，兩人全程以粵語交談，幾乎形影不離、靠得很近，夫妻感情已逐漸加溫，鄭秀文似乎已全面回收、並接納出軌腥夫。《蘋果》讀者L先生表示，當天鄭秀文穿著星星造型的襯衫搭配牛仔褲，許志安穿著輕便的T恤及黑色條紋褲，全身沒有特別散發星味，L先生指出，Albertina不是熱門的美術館，鄭秀文一行人參觀維也納博物館，當時時間已接近閉館，雖然當地沒有太多華人，但身為天后的鄭秀文，仍機警地全程低調戴著口罩，直到抵達商品店，才稍稍放鬆脫下口罩，本來張衛健獨自在商品店挑選紀念品，但不久，鄭秀文與許志安也進店一同選購商品，張衛健則是化身警戒員，幫忙留意四周有無可疑的民眾。本新聞文字、照片、影片專供蘋果《升級壹會員》閱覽，版權所有，禁止任何媒體、社群網站、論壇，在紙本或網路部分引用、改寫、轉貼分享，違者必究。許志安4月中背著老婆鄭秀文偷吃女星黃心穎，「安心偷吃」轟動港台。他當時聲淚俱下向妻子鄭秀文道歉，演藝事業全面停擺，鄭秀文大器原諒腥夫，「小三」黃心穎則避走美國。鄭秀文7月接著在香港一連舉辦13場「#FOLLOWMi 世界巡迴演唱會」，7月12日許志安現身鄭秀文演唱會，引起現場歌迷一陣騷動，這是他偷腥事件後首次公開露面，似乎也向外界宣告「天后老公」地位未被撼動。鄭秀挺過老公許志安的外遇風波，香港巡演結束後，和好友張衛健、張茜夫婦一起飛往英國旅行，據聞許志安與張衛健讓老婆大人坐頭等艙，2人則坐商務艙，看來出軌的許志安要趁這趟歐洲之行，好好修補夫妻關係，果不其然，鄭秀文和許志安一抵達倫敦希斯洛機場，立刻被粉絲捕獲2人勾手曬恩愛，11日又被《蘋果》讀者拍到同遊維也納，透過旅遊修補出軌傷痕。（林丞偉／台北報導）,2019-08-13 00:01:00,娛樂時尚,https://tw.entertainment.appledaily.com/realtime/20190813/1615687/
推銷靈骨塔卻上床做口活　女業務含淚告性侵,1名在殯葬業擔任業務員的輕熟女，找1名呂姓男子推銷靈骨塔及周邊商品時，竟然跑到汽車旅館密談，事後這名女子指控呂男在旅館裡不老實，趁著她在講解商品時，掏出生殖器強迫她口交，然而弔詭的是女子提告後卻又表明不願追究、還人間蒸發不知去向，台北地檢署檢察官調查後認為沒有事證可以證明呂男有違背女子意願，處分不起訴。據了解，這名30歲出頭的女子，在一家殯葬公司擔任業務員，今年初，她開發業務找到1名有意購買靈骨塔及周邊相關產品的呂姓男子(40多歲)，由於呂男相當有誠意，女業務員認為遇到大戶機不可失，主動聯繫呂男，也不知是誰提議，2人最後一起到汽車旅館談生意。不料，2人在汽車旅館談完生意後，女子突然向警方報案，指控2人當在在汽車旅館，呂男竟然藉著談生意佔她便宜，逼她口交，因此提起強制性交罪告訴。呂男到案坦承雙方有發生性關係，但否認有違背女子的恴願，雙方你情我願，對於被告認為應該是一場誤會。由於雙方都有意願和解，檢察官曾請2人到區公所談談，但事後女子沒有出面，甚至還具狀表明不想再追究，不願浪費時間在這個案子上，檢察官曾試圖傳她出庭，但這名女子就像是人間蒸發，怎麼傳都傳不到。最後檢察官僅有女子的單一指訴，沒有其他的事證可以證明呂男違背她的意願，最後認為事證不足，處分不起訴。（呂志明／台北報導）【更多新聞，請看《蘋果陪審團》粉絲團】,2019-08-13 00:01:00,社會,https://tw.news.appledaily.com/local/realtime/20190813/1615743/
少女上學遭槍擊　竹聯幫幕後教唆開槍討千萬債,向黑幫宣戰！台北市一名國中少女月前在路上遭人持BB槍射臉，起初以為是一起無差別傷害案，經查才知是討債集團為逼少女父母還債，當街開槍威脅孩子，囂張行徑引起社會大眾關注！警方日前兵分多路逮捕含主嫌在內5人，另掃蕩幫派分子常去的聲色場所，再破獲2個犯罪集團以儆效尤。今年6月4日張姓少女（15歲）行經北市中央北路時，遭吳姓少年持BB槍攻擊，少女驚慌奔逃，少年仍緊追不捨，直到路人上前攔阻才罷手，但少女臉部、胸口被射得紅腫，嚇得大哭。警方原以為是一起無差別攻擊案，調查才知少女父母向竹聯幫地堂郭姓成員（44歲）借貸數百萬元，因無力償還，家門口也被集團貼上「欠債不還」的紙條，更藉由攻擊少女向其父母施壓，少女父母得知後落淚哀求：「不要找孩子下手！」不法集團為討債持槍攻擊被害人，行徑囂張，警方立即成立專案小組調查，經連月蒐證，上周三逮捕郭男及手下共5人，搜出20萬元現金、存簿、借據、本票等證物，全案依《組織犯罪防制條例》、恐嚇取財、傷害、重利等罪嫌送辦。此外，北市民生東路、林森北路日前也發生多起街頭聚眾鬥毆案件，為免黑幫勢力擴大，警方發動數波掃黑行動，同時臨檢幫派常出沒的聲色場所，破獲2個犯罪集團。其中北市刑大偵七隊與南港、草屯分局偵破以葉男為首的詐騙集團，該集團犯下數十起電信詐欺案，常以凌虐手段控制成員，手段兇殘；刑大肅竊組則與信義、中正一分局偵破以林男為首的暴力集團，該集團成員除持刀槍威脅被害人，還縱火恐嚇，惡行重大，2集團共16名成員訊後均已送辦。（突發中心江孟謙／台北報導）,2019-08-13 00:01:00,社會,https://tw.news.appledaily.com/local/realtime/20190813/1615786/
黑潮癱瘓香港機場　台港航線異動看這邊,香港示威民眾昨在機場集會使航班運作受影響，原本繁忙的台港航線也被打亂、多數停飛，昨桃園、台中、高雄共49個台港航班客貨機遭取消，初估影響逾8千名旅客。今上午多家航空公司航班持續取消，包括長榮航空上午往返香港的7個航班、華航香港飛台北的1航班，提醒民眾出發前留意最新航班動態。 桃園機場公司統計，昨天受影響的香港往返客機有出境19架次、入境16架次；貨機出境2架次、入境3架次，總計共40架次；台中機場和高雄小港機場也各有4、5個航班遭取消。昨晚不少旅客滯留桃園機場，到櫃檯領號碼牌等待處理簽轉。一名滯留桃機的香港旅客說：「行程受阻沒關係，因為抗議是對的事情。」 知情人士透露，香港機場管制措施預計會持續到今早8時，過了今早之後狀況如何，目前都無法確定，得視抗議狀況而定。 中華航空昨已宣布，取消今上午香港飛台北的CI922班機。長榮航空則是取消中午前的台北飛香港BR891、BR851、BR867以及香港飛台北的BR828、BR892、BR852、BR868等7航班。國泰及國泰港龍航空表示，建議乘客延遲非必要行程，即將搭乘航班的乘客應在前往機場前先查看航班狀況。 可樂旅遊總經理李季柏表示，暑假是親子旅遊旺季，原本不少家庭會選擇前往香港迪士尼，但自7月以來，香港團的進單數卻是「掛零」，分析主要是因為民眾家族旅遊最重要的考量點是安全，抗爭事件會影響台灣旅客去香港旅遊的意願。（突發中心黃仲明／桃園機場報導）,2019-08-13 00:01:00,生活,https://tw.news.appledaily.com/life/realtime/20190813/1615788/
黑糖珍奶征服海外　韓國人大膽預測「台風」動向,利奇馬颱風掠過台灣不久，韓國颳起的「台風」威力仍然不減，從古早味蛋糕、起司馬鈴薯、泡麵，到現在火紅的珍珠奶茶，台灣品牌進駐速度排山倒海，某些飲料店還有內用座位區、網美牆，簡直像間咖啡廳。韓國YouTuber金針菇心有戚戚焉，表示來台留學的韓國人，80%都會說這句話：「我要回韓國賣黑糖珍奶。」令她相當不是滋味。 本新聞文字、照片、影片專供蘋果《好蘋友》壹會員閱覽，版權所有，禁止任何媒體、社群網站、論壇，在紙本或網路部分引用、改寫、轉貼分享，違者必究。 就舉韓國弘大的老虎堂當例子，因為飲料好喝外觀又好看，金針菇聽說該店家「1個月可以賺1千多萬台幣」，台灣知名三明治因為口味簡單，適合配咖啡，不到1年就在韓國開了200多家分店，還有人氣壽司店插旗韓國鬧區、雞排進軍連鎖速食店。早知商機無限，金針菇也想手刀引進自己家鄉，不過除了眼巴巴看著人家數鈔票，她也大膽預測火鍋、鐵板燒和滷肉飯，這類台灣的平價美食，一旦被引進韓國同樣會很受歡迎。（影創中心／綜合報導）※影片經「韓勾ㄟ金針菇 찐쩐꾸」授權播出，非經同意請勿轉載※好片，要讓全世界看見。搞笑自拍、唱歌跳舞、感人故事、開箱體驗、新知分享甚至商業廣告毫不設限，只要好玩，放馬過來，全台最大流量新聞網站《蘋果》就是你的舞台。投稿影音作品請寄《蘋果》影創中心picshow@appledaily.com.tw※影創作品　盡在蘋果台,2019-08-13 00:01:00,國際,https://tw.news.appledaily.com/international/realtime/20190813/1615198/
凱特摩絲貴氣捧黛珂　搽近4萬元乳霜不手軟,日系保養品牌黛珂（DECORTE）專為增齡肌膚打造的AQ完美精質保養系列，今年問世10周年，品牌展現日本人追求完美的精神，在10周年之際替系列帶來全新奢華品項，品牌代言人、45歲資深超模凱特摩絲（Kate Moss）成為最佳見證，豪氣把要價近4萬元的AQ完美精質極燦晶粹霜抹上臉。黛珂AQ完美精質保養系列在2009年問世，內有產自日本屋久島的紅富貴茶葉精華、北海道白樺水、蠟梅萃取等珍稀成分，此波新品中最貴的極燦晶粹霜，45公克要價3萬7000元，建議用於夜間保養最後一步，取一顆珍珠大小用於下巴、兩頰、鼻子等部位。雖要價不菲，卻是凱特摩絲最愛的美麗法寶。凱特摩絲曾點名愛用黛珂的洗卸產品，此次也有卸妝霜和洗顏露2新品值得關注，卸妝霜使用時從霜狀逐漸變為塊狀後，可以面紙擦拭或用水沖洗，而後再用帶有植物性與低刺激洗淨成分的洗顏露，完成清潔步驟。此外AQ完美精質保養系列還有全能乳、全能露、眼霜，以及用於7日集中型保養的日夜極燦精粹，建議每次使用取按壓3次用量。 （張家玲／台北報導） ,2019-08-13 00:01:00,娛樂時尚,https://tw.entertainment.appledaily.com/realtime/20190813/1615699/
拳頭出去錢進來　農村囝仔扭轉貧窮,香港反送中抗爭延燒兩個月，緊張情勢沒有減緩，前天（11日）還爆發港警無差別暴打示威民眾、發射催淚彈，流血事件越演越烈，以卵擊石的自由之爭雖然時日漫長，港民依舊不退不散、反獨保家。中國四川的涼山也有一群青年，為了保衛夢想與生活，不想被條件艱苦的環境束縛，透過拳擊找到實現自我價值的可能，因為「有時候放棄一個夢想，比堅持夢想還要困難得多」。 本新聞文字、照片、影片專供蘋果《好蘋友》壹會員閱覽，版權所有，禁止任何媒體、社群網站、論壇，在紙本或網路部分引用、改寫、轉貼分享，違者必究。 「好好練拳擊，爭取走出去，走出大山，那麼你就是國家的人，你不好好地練，回家種烤菸，你就只是媽媽的人。」紀錄片《千錘百煉》歷時3年拍攝，講述中國最早的職業拳擊手齊漠祥，退役後四處挑選農村孩子，致力將他們訓練成拳擊冠軍。和父母期許的傳統道路相違背，對於美好未來的渴望，更加堅定了青年拳擊手不屈服、創造命運的滿腔熱血。（影創中心／綜合報導） 完整版詳見蘋果台：《千錘百鍊》 得獎紀錄：第49 屆金馬獎最佳紀錄片,2019-08-13 00:01:00,生活,https://tw.news.appledaily.com/life/realtime/20190813/1615626/
【811港警大濫射】陳芳明專欄：2047提早到來,陳芳明／政治大學台灣文學研究所教授1997北京接收香港時，當時北京提出「50年不變」的承諾，內容是「一國兩制，高度自治、港人治港，現有的資本主義生活方式50年不變」。這些紙上文字，終於證明只有紙上文字而已。香港住民實際的生活方式，足以道盡一切。整整10個周末，接連不斷發生群眾的抗爭運動，規模越來越大，參與行動的民眾持續增加。如果說是全民參與亦不為過，從最初的抗議示威，到現在已經演變成為抗暴行動。如果這樣發展下去，解放軍開進香港似乎也不無可能。香港不是孤立的例子，北京以武力進入所謂的自治區，已經有太多的先例了。遠的不說，現在新疆已經淪為集中營，而且還遭到天網的全面監視。那真的是自治區，因為沒有看見解放軍的具體行動。但是，讓自治區百姓失去自由，證明是中國共產黨統治的最大成就。現在人民解放軍已經在香港邊界待命，有些則已經搖身變成鎮暴警察，投入武力行動。2047年的大限，儼然已經提早到來。在此關鍵時刻，特首林鄭月娥完全隱而不見，她比起任何一位香港住民，還要早失去人身自由與言論自由。在7月22日記者招待會上，林鄭月娥對於元朗白衣人暴行的事實，完全是支支吾吾，說不出任何回應。在場的記者利君雅生氣了，直接嗆林鄭月娥要「講人話」。這是特首的悲哀，也是一個兩制的真相。特首的一言一行，是最早受到北京的直接控制。表面上香港是「高度自治」，骨子裡是變相的集中營。而最高位置的特首，則完全是坐在權力的囚牢。從「反送中」運動發軔之初，香港百姓就已經充分表達無法接受。林鄭月娥最後終於說出《逃犯條例》已經死了，卻沒有承諾撤銷的意向。就是從那個時刻開始，整個形勢即刻逆轉。香港人民發現，林鄭開始在玩政治把戲。一個法律的誕生，其實是人民與政府之間的一種契約，而不是由政府片面決定。北京把中國統治模式直接搬到香港，完全忘記了他們的歷史經驗。英國殖民的香港，曾經擁有華人世界最大的言論自由。那就是香港社會根深柢固的傳統，一國兩制應該在那樣的歷史基礎上去發展。遍地開花的示威行動，似乎已經超出特首能夠掌控之外。她忽視香港人民的歷史記憶，她忽視《逃犯條例》的恫嚇意涵，她欠缺與人民對話的任何誠意。她如果不是高高在上，就是卑躬屈膝。當人民失去對政府的信任，也就觸發了抗暴行動的引燃點。我們一直與香港人民站在一起，在此關鍵時刻，台灣所有政治人物的態度就非常重要。誰敢與香港人民站在一起，誰才能獲得選民的認同。香港民主不是孤立的存在，而是與亞洲的民主價值緊緊綁在一起。,2019-08-13 00:01:00,論壇,https://tw.news.appledaily.com/forum/realtime/20190813/1615655/
 【Live Talk】11:30外送員好好賺？　17:00隆乳藏致癌危機？,【編者按】《蘋果新聞網》進入會員新世代，為回饋升級壹會員支持，節目源源不絕推出。蘋果台推出以Video Talk形式呈現的節目，安排嘉賓與壹會員視訊對談。 本日Video Talk節目單：‧11:30【Video Talk】機車送餐很好賺？專家：正妹外送員 小J 炎炎夏日想吃美食又不想出門，只要打開手機送餐app，訂好餐點就可在家坐等美食送上門，也因此負責接單送餐的外送員滿街跑，但外送員好賺嗎？除了要忍受日曬雨淋，送餐途中還可能遇上那些鳥事？遇到奧客又該怎麼辦？成為外送員又有哪些門檻？本集上線的Video Talk邀請到正妹外送員小J和型男500上線分享外送經驗，想知道外送員的心聲千萬別錯過。‧17:00【Video Talk】隆乳藏致癌危機？專家：新光醫院整形外科主任林育賢醫師女性追求完美身材，透過隆乳讓胸部瞬間UPUP，乳癌患者更是透過乳房重建找回自信，但日前有知名大廠生產的果凍矽膠隆乳填充物爆出有致癌疑慮，遭衛福部食藥署下令回收。到底隆乳是否安全？隆乳用到問題果凍矽膠該如何是好？隆乳又有哪些需注意之處？本集「Video Talk」就邀請專業型男、新光醫院整形外科主任林育賢醫師，在線上替升級壹會員解惑。,2019-08-13 00:01:00,生活,https://tw.news.appledaily.com/life/realtime/20190813/1613637/
平價音響品牌將推攜帶式藍芽音箱,平價音響品牌Sonos年初時與ikea合作推出低於150元美金的家用音響，近期宣布將在8/26~8/27推出新產品，並將於9月IFA展前對外亮相。 據稱這將會是 Sonos 旗下第一款攜帶式藍芽音箱，支援藍牙的同時也可支援Wi-Fi，透過一顆按鍵即可切換連線模式，適合些家庭場景使用，除此之外，這款裝置可以透過USB-C或是底座充電，方便適應不同環境。不過這款產品的最大賣點，還是聲音調節功能，利用喇叭內建的麥克風來識別所處環境，並且以此來調整出最適合的發聲表現，當然，這類功能在HomePod 和 Google Home Max都有類似的功能，但這是音響品牌Sonos第一次新增此功能（楊智雯／綜合報導） 更多「 消費新鮮事」內容，請點此：http://bit.ly/2GOqTAv,2019-08-13 00:01:00,3C車市,https://tw.lifestyle.appledaily.com/gadget/realtime/20190813/1615602/
開箱MW65無線降噪耳機　不只潮還兼顧聲音細節,紐約音響品牌Master & Dynamic 正式在台灣引進全新的藍牙降噪耳機MW65，售價1萬5900元，有棕色皮革和黑色皮革兩款。外觀時尚簡約質感十足，搭配主動降噪技術，以及細膩的音質輸出，襯得上其飆上1萬5的價格。 開箱MW65棕色皮革版本，除了機身還有帆布材質的便攜袋、USB-C對USB-C充電線、仍附有3.5mm對3.5mm耳機線、USB轉接頭、飛機耳機插座轉接頭，以及簡易說明章等。 外觀上，為鋁製機身、搭配牛皮頭帶和小羊皮的海綿，皮質觸感佳且戴在頭上重量僅有250公克，以記者測試配戴4小時仍沒有不適感，而耳罩難免有悶熱問題，但可適時拿下透氣，皮革與臉貼膚處則相當舒適。 MW65具備40mm鈹金屬單體驅動，配有藍牙4.1晶片(20公尺連接範圍)，並具備高低兩種模式的主動降噪技術。實際藍牙連接MacBook Pro速度快，聆聽音樂時主動降噪技術與外界隔音感佳，播放時也創造出空間感大的立體音場。 人聲處與樂器的處理相當細膩，層次感佳，且推送低音厚度夠、高音也具延伸感，音質處理非常犀利。 在電力上官方宣稱可有長達1天的續航力，而USB-C埠充電則只要15分鐘就可使用12小時，另外，也支援行動裝置上的Google助理實用度高。（黃子倫／綜合報導） ,2019-08-13 00:01:00,3C車市,https://tw.lifestyle.appledaily.com/gadget/realtime/20190813/1615701/
經濟指標「亮黃燈」　美國1年內逾3成機率陷衰退,美國銀行（Bank of America）周一把未來1年美國經濟陷入衰退的機率提高至逾3成，表示美國部分經濟指標已「亮起黃燈」。美國銀行全球經濟學家哈里斯（Ethan Harris）說：「我們的官方模型顯示未來12個月美國經濟陷入衰退機率僅20%左右，但從許多數據和事件來看，我們主觀認為這個機率逼近3分之1。」美中貿易戰充滿不確定性和全球經濟成長減速近幾周導致利率大跌，並衝擊主要股市指數。美國上月就業報告顯示消費強勁，但企業投資低迷，反映新關稅和財政政策不確定性使投資人及企業主焦頭爛額。哈里斯表示，美國部分經濟指標已「亮起黃燈」，顯示經濟即將陷入衰退。舉例來說，美國10年期公債殖利率已跌破3個月期公債殖利率，形成部分殖利率曲線倒掛。哈里斯也指出，美國5個追蹤商業景氣的經濟指標有3個處於美國過去陷入衰退前觸及的水準。（林文彬／綜合外電報導）,2019-08-13 00:01:00,財經地產,https://tw.finance.appledaily.com/realtime/20190813/1615804/
14萬人升級壹會員　《蘋果》獻上尊榮權益,感謝您的相挺！截至8月6日下午4點55分，已經有14萬11人成為升級壹會員！《蘋果新聞網》於7月4日起只限升級壹會員可閱覽《蘋果》精彩內容至9月1日，如您尚未成為升級壹會員，則只能閱覽「主編推介」新聞和重點新聞標題。被混沌的是非、被隱藏的真相 你更需要《蘋果新聞網》，我們熱烈期待您繼續挺《蘋果》踢爆力量。升級壹會員獨家尊享：《蘋果》為台灣發掘真相升級壹會員獨享最即時新聞、獨家踢爆、狗仔直擊、專題、調查報導等精彩內容，《蘋果》以全方位採訪角度，包羅政治、社會、娛樂、財經、國際、體育等，本地出發放眼世界，為您挖掘真相。 《蘋星會》與偶像親密接觸《蘋星會》為您請來A咖藝人明星，唯有壹會員獨享最近距離接觸。想讓男神為你唱情歌，親眼見到怪美的女神，《蘋果新聞網》升級壹會員可定期參加「蘋星會」，250位名額，不見不散。天后與天王，輪番現身，要合唱，求拍照，親自送上你的告白氣球，那些年追的偶像，一次實現，你要的全拿走！《6蘋彩》送現金不手軟《蘋果》推出全新獨家遊戲《6蘋彩》，送現金不手軟，唯有壹會員才能獨享「33選6 30萬獎金帶回家」超級好康，人在家中坐，就能發大財。《蘋果台》專屬你的影音世界《蘋果台》全新開播，賈靜雯誠摯推薦。劈大選的直播秀、做口碑的全動畫、得獎的紀錄長片、暖心的人物專題、有趣的娛樂視頻、實用的健康節目，應有盡有，每周上新片。《Video Talk》視訊聊天室《蘋果新聞網》進入會員新世代，為回饋升級壹會員支持，特別推出以Video Talk形式呈現的節目，安排嘉賓與升級壹會員視訊對談。支持踢爆力量 繼續挺《蘋果》！如有任何問題請洽會員服務電郵：cs@nextdigital.com.tw服務電話0809-012-555按2，或+886-2-6601-3456按2,2019-08-13 00:00:00,論壇,https://tw.news.appledaily.com/forum/realtime/20190813/1611207/
瀑布打坐、潛水憋氣　男子仿武俠片竟猝死,馬來西亞31歲華裔男子謝翰陽，於11日早上與朋友赴知名旅遊景點「彩虹瀑布」（Rainbow Waterfall）戲水，卻一時興起在瀑布下方的石頭打坐，再潛入水中練習閉氣。不料，4分鐘過去，友人察覺謝翰陽遲遲沒有起身，趕緊前往查看，才發現他早已陷入昏迷，送醫搶救後仍撒手人寰。《中國報》報導，謝翰陽與友人於11日早上9時許，搭車前往雙溪林明（Sungai Lembing）的觀光景點─彩虹瀑布，戲水到一半，謝翰陽突然一時興起，走到瀑布下方的一塊石頭上打坐，半小時後又走下水潭，潛入水裡練閉氣，企圖模仿武俠片中的橋段，但4分鐘過去都未見他起身，友人前往查看才發現他已陷入昏迷。友人見狀後趕緊求助附近路人，一起將謝翰陽從水潭中抬上岸邊，而現場有遊客剛好是醫生，也向對他實施心肺復甦術（CPR），過程中謝男有短暫恢復意識，但送往中央醫院搶救後，後仍然不治。警方透露，謝翰陽的身上無任何外傷，初判應該是意外猝死，不過一切仍需等後解剖，才能釐清詳細死因。（即時新聞中心／綜合報導） ,2019-08-13 00:00:00,國際,https://tw.news.appledaily.com/international/realtime/20190813/1615800/
青春無敵！18歲美妝部落客　清純性感兼備,《蘋果新聞網》今天我最美攝影小組，這次在北市信義區香堤大道，發現青春活潑的美眉熊大！身高155公分、體重46公斤的熊大長相甜美可愛，今年才18歲，還是學生，雖然說起話來稚氣未脫，但她可是一個美妝部落客喔！O型牡羊座的熊大興趣是平面設計和唱歌，歡迎大家追蹤她的《Instagram》唷！（即時新聞中心／綜合報導）地點：台北市信義區香堤大道暱稱：熊大身高：155公分體重：46公斤星座：牡羊座血型：O型職業：學生／美妝部落客興趣：平面設計、唱歌IG：melody90413,2019-08-13 00:00:00,生活,https://tw.news.appledaily.com/life/realtime/20190813/1615525/
【會員公告】9月2日起　壹會員之升級條件將會更新,《蘋果新聞網》升級壹會員試閱階段將於9月1日屆滿，9月2日起升級壹會員的升級條件將會更新。在8月31日前，會員可選擇延續或取消「升級壹會員」會籍。 注意：《蘋果新聞網》手機或app並不支援延續或取消「升級壹會員」的功能。 升級壹會員如有疑問，請來電由客服專人為您服務或請來信，將會立即處理電話：0809-012-555按2，或(02)6601-3456按2電郵：cs@nextdigital.com.tw,2019-08-13 00:00:00,社會,https://tw.news.appledaily.com/local/realtime/20190813/1615664/
《蘋果》精彩獨家新聞　升級壹會員不漏接,編按：《蘋果新聞網》逾5百名記者編輯，日夜堅守新聞專業，發揮踢爆力量、為弱勢發聲，不斷推出各項獨家、直擊、踢爆及調查採訪等優質原生內容，引發社會廣大回響，各媒體爭相跟進；為感謝讀者支持，即日起，所有《蘋果》最即時、最有深度的獨家新聞，只限升級壹會員獨享「新聞吃到飽」；《蘋果》特別為您整理，近期推出的精彩內容：【獨家】馬俊麟曖昧王瞳影片曝光　老婆二度帶雙胞胎離家https://tw.appledaily.com/new/realtime/20190811/1615047/【狗仔直擊】別管柯P組黨了　高嘉瑜女神下凡跑腿餵男友https://tw.entertainment.appledaily.com/realtime/20190803/1610687【獨家】雲縣府定調不強制遷葬李佳芬祖墳　擬每年罰最高15萬https://tw.appledaily.com/politics/realtime/20190807/1612771【艋舺情慾流動】直擊深夜流鶯站璧　逢男便問「要不要」https://tw.news.appledaily.com/local/realtime/20190731/1605231/【獨家影片】孫鵬喝ㄎㄧㄤ濺血衝突小黃運將　叫囂擾鄰被罵爆https://tw.entertainment.appledaily.com/realtime/20190724/1605004【狗仔直擊】帶李佳芬籌謀大位！韓國瑜北上密會被活逮　蘇起竟結巴抵賴「沒有沒有」https://tw.appledaily.com/new/realtime/20190722/1604121/【狗仔直擊】北車の愛！韓冰背著老爸韓國瑜　忘情甜勾白衣男https://tw.entertainment.appledaily.com/realtime/20190722/1604119/【獨家】走出離婚韓瑜陰霾！孫協志爆密戀小11歲夏宇童「已見過孫媽」https://tw.entertainment.appledaily.com/realtime/20190711/1598428/【獨家追蹤】雲縣府會勘認證！ 韓國瑜夫妻豪華農舍主建物也是違建https://tw.appledaily.com/new/realtime/20190711/1597859/【耗時一年半調查】煙囪孤島「癌症村」　百工廠包圍居民  癌逝佔死亡數8成https://tw.news.appledaily.com/local/realtime/20190705/1594511/更多精彩內容，只限升級壹會員獨享，請您立即繼續挺《蘋果》踢爆力量！,2019-08-13 00:00:00,體育,https://tw.sports.appledaily.com/realtime/20190813/1615537/
《蘋果》月費120元、年費8折1152元　20日起可付費,《蘋果新聞網》最優惠訂閱價公布啦！每月只要120元，比一碗牛肉麵還便宜，即可無限暢覽，每日600條影音新聞看到飽；若預繳年費1152元更划算，等於打8折，直接省下288元。 8月20日起，您就可選擇訂月費或年費，首次繳月費120元可閱覽到今年10月1日止。在9月2日起，我們就依您訂閱的月費或年費按周期扣款，會在每月周期首日自動扣款。若預繳年費1152元，則可閱覽到明年9月1日止。訂台灣《蘋果新聞網》，同一帳號還可以看香港《蘋果動新聞》，不另收費。 信用卡一刷立刻開通！除月費僅限信用卡付款，年費則可用信用卡或銀行轉帳（ＡＴＭ），支付更方便。其他更多元的支付工具，我們也在積極規劃，很快就會推出。如果您不滿意我們的服務，隨時可取消訂閱，月費可閱覽到該月周期日止即不再扣款，若是已繳年費則可退款。 升級壹會員如有疑問，請來電由客服專人為您服務電話：0809-012-555按2，或(02)6601-3456按2電郵：cs@nextdigital.com.tw 《蘋果新聞網》感謝您支持正義的力量,2019-08-13 00:00:00,生活,https://tw.news.appledaily.com/life/realtime/20190813/1615668/
10個Q&A　為您解答《蘋果》訂閱問題,《蘋果新聞網》每月只要120元，比一碗牛肉麵還便宜，即可無限暢覽；若預繳年費1152元，等於打8折、直接省下288元。《蘋果》特別整理「升級壹會員」常出現的疑問，為您逐一解答。Ｑ1：我現在就可以訂月費或年費嗎？Ａ：現在還不能，但8月20日起，您就可以進入會員中心選擇訂月費或年費。Q2：我想訂閱《蘋果新聞網》，但只能用信用卡繳款嗎？A：自8月20日起，您可在《蘋果新聞網》網站，用信用卡選擇月費或年費訂閱；銀行轉帳（ＡＴＭ）付款則僅限繳付年費。其他更多元的支付工具，我們也在積極規劃，很快就會推出。Ｑ3：付月費的話要每月刷卡嗎？Ａ：不用。我們會在每月周期首日自動扣款，年費也會在新的續訂年度自動扣款。Ｑ4：我付月費就好，為什麼還有年費方案？Ａ：為回饋《蘋果新聞網》忠實讀者，我們提供的年費專案優惠價1152元，比月費120元方案整年省了288元，等於打8折優惠，相當買10個月送2個月，最為推薦。Ｑ5：我用手機APP都找不到你們的付款頁面！Ａ：非常抱歉，我們建議您直接在電腦網頁上付款。若您習慣用手機，請先用瀏覽器打開《蘋果新聞網》，再在手機網頁上操作。Ｑ6：(舉例) 我在8月25日訂月費，就開始起算月費嗎？還是有優惠？Ａ：如果您在8月25日訂月費，起算日仍是9月2日，不是8月25日，下次扣款是10月2日。同理，您在8月21日就付費訂年費，可立即閱覽《蘋果新聞網》，但下次扣款日期是明年的9月2日，不是8月21日。在9月2日起，我們就依您訂閱的月費或年費按周期扣款，例如您是在9月15日訂年費，扣款日期就是明年的9月15日。Ｑ7：我訂了月費或年費，可取消訂閱並退費嗎？Ａ：您可隨時取消訂閱。月費可閱覽到該月周期日止即不再扣款，例如：9月12日購買月費，25日取消，可看到10月11日止，但依我們的服務條款，無法按日退費。年費將扣除已閱覽的月數，再加上不足一月，當作一個月計算（讀者可閱覽至當月周期最末一天），再依我們的服務條款辦理退費。Ｑ8：你們有沒有發票？Ａ：您訂閱時可選擇以下方式處理您的發票。1：捐贈給社福機構或慈善基金會。2：開立電子發票，可選擇存放在壹會員發票平台https://pay.appledaily.com.tw、手機載具、自然人憑證條碼。3：開立三聯式發票。但需另支付50元寄送及作業處理費。Ｑ9：我付費訂閱《蘋果新聞網》，也可以看香港《蘋果動新聞》嗎？Ａ：現在訂閱《蘋果新聞網》，無論是月費或年費，同一個帳號也可暢覽香港《蘋果動新聞》，不另收費。Ｑ10：我想用問的比較快啦！Ａ：讀者您好，我們有客服專人為您服務喔，歡迎來電，我們竭誠為您服務。客服專線：0809-012-555按2，或（02）6601-3456按2。客服時間：周一～周日 07:00 ~ 24:00Emai請寄：cs@nextdigital.com.tw。,2019-08-13 00:00:00,財經地產,https://tw.finance.appledaily.com/realtime/20190813/1615666/
【Video Talk】正妹外送員1130甘苦談　一不小心賺的全賠光！,炎炎夏日想吃美食又不想出門，只要打開手機送餐app，訂好餐點就可在家坐等美食送上門，也因此負責接單送餐的外送員滿街跑，但外送員真的像網友所說月薪10萬嗎？除了要忍受日曬雨淋，送餐途中還可能遇上那些鳥事？遇到奧客又該怎麼辦？成為外送員又有哪些門檻？消費者該怎麼訂最划算？ 本集上線的Video Talk邀請到正妹外送員小J和型男500上線分享外送經驗，令人驚訝的是，兩人都曾經遇過一不小心一日所得全賠光的慘劇，想知道兩人的外送心聲，千萬別錯過11時30分上線的Video Talk。(法庭中心／綜合報導)【更多新聞，請看《蘋果陪審團》粉絲團】 ,2019-08-13 00:00:00,社會,https://tw.news.appledaily.com/local/realtime/20190813/1615729/
【811港警大濫射】李耀泰：港府策動「恐怖主義」滲透日常,李耀泰／香港社會學者反送中遊行從6月9日至今，衝突層級和規模不斷升高，除了百萬人上街遊行之外，前（11）日更發生警方朝地鐵站發射催淚彈、近距離射擊導致一名示威人士眼球爆裂，以及殺紅了眼在地鐵站追打人民等駭人景象，由政權所主導和發動的「恐怖主義」，滲透到了每一個香港市民的日常生活。政府屢次的回應只是舊調重提：嚴正譴責部分人士的暴力行為，對於警察執法尺度是否過當卻始終未正面回覆。政府對於人民訴求的消極回應不令人意外地導致持續升溫的警民對立，衝突和流血似乎已成了香港日常。過去這兩個多月來的遊行和鎮壓，我們看到了許多層次的對立：遊行者vs.林鄭背後的中共政權、遊行者vs.特區政府、遊行者vs.執法人員（警察以及法官）、遊行者以及其他民眾（黑道和撐警人士）。各種互相為敵的對立可由彼此的論述中清楚得知：示威者已由「和平」遊行者轉為「暴民」，警察是「黑警」，政府作為和不作為（不回應）被視為「暴政」。上述幾個層次的對立有個明顯特點：人民面臨的是不同行為者的多邊夾擊。特區政府在一國兩制的框架下，強烈反擊了人民對於挑戰香港政府和中共政權的訴求。尤其在7月底元朗事件之後，人民期待的是一個獨立的調查委員會，實質要求或許已超出反送中的初始主軸，而是回到傘運時期，爭取更大層次的自由和民主。在權力不對等的情況下，面對運動去中心化和游擊戰，導致群眾運動無法設定停損點，特區政府及其背後的中共政權，提供了警察超過尺度執法的合理性。「如何」執法以及執法「是否過當」已成次要問題，目的（清場、維持社會秩序）合理化了手段（當然，警察並非沒有內部差異，肯定有少數警察面臨著本身價值和職務上的衝突）。在知道政府會為其行為背書之下，不存在有所謂的「暴力鎮壓」和「執法過當」的問題；也就是說，警察被賦予了無限開火權，黑道人士似乎也在政府有意或無意地縱容下，加入了鎮壓人民的行列。政府的策略很清楚：以拖待變、製造「暴徒」形象而歸咎衝突責任於人民、（部分）轉移對於政府的仇視到第一線的警察、分化人民（遊行者vs.撐警人士）、利用暴動和非法集會等各種罪名所產生的法律效果來恫嚇人民、反對遊行使得遊行成為非法；也的確，示威人數逐漸下滑，現在上街遊行除了需要佩戴各種裝備，還得要有敢死的心理準備。許多論述已指出衝突的根源在於人民的回應並未得到政府正面的回覆，尤其是五大訴求未得到回應。令人意外的是，即使是國際媒體，焦點似乎都非黑即白地放在衝突本身（爭取民主vs.政府鎮壓），遊行的五大實質訴求在衝突的升溫之後並未得到足夠的討論。政府所釋放出來的「善意」未被接收，背後反映了人民對於和政府溝通信心的崩毀。由政府主導下的法律和警察系統，出現了對於人民和黑道人士、對於人民和警察執法行為的差別待遇，更引起了人民對於法治和自由的質疑。香港的案例清楚告訴我們，權力的不對等可以單方向地決定政府如何回應人民訴求：一個不民主的政權可以在法律上認定誰是暴徒和內部敵人、可以讓民眾絕望而只能每周上街遊行。製造心理上的驚懾效果是現在特區政府所使用的方式（包括上街買雷射筆都會被捕），強烈的鎮壓手段展現政府不會讓步的決心，但可惜的是，這種方式並不能讓衝突漸漸消散，只會讓對立升高。香港政府一再重申穩定的環境和發展經濟是其首要目標，希望降低政治在人民日常生活上的重要性。然而如同社會和政治學者Juan Linz和Alfred Stefan在其名著《民主政權的崩潰》中提到，沒有主權就不會有穩定的民主，香港（以及台灣）在法理上所欠缺的主權，使其民主化過程受到阻礙。目前香港正處於極端不確定的方向，要讓事件和平落幕，掌權者需要思考的是先放下起訴和定罪示威者破壞社會安寧的責任，因為事實上香港社會已經不再安寧；政府亟需做的是正視和回應人民的實質訴求，和人民進行實質溝通，成立制度性的對話管道以及獨立委員會來調查雙方（警察和示威者）責任，以重建人民對於政府和警察已經破碎的信心。,2019-08-13 00:00:00,論壇,https://tw.news.appledaily.com/forum/realtime/20190813/1615669/
【Video Talk】民眾黨強勢進軍國會　不分區立委找5領域人才,【編者按】《蘋果新聞網》進入會員新世代，為回饋升級壹會員支持，節目源源不絕推出。蘋果台推出以Video Talk形式呈現的節目，安排嘉賓與升級壹會員視訊對談。台北市長柯文哲籌組台灣民眾黨，上周舉辦創黨大會，不過兩周前柯組黨的消息「意外」在媒體曝光，外界質疑是內政部將組黨消息走漏。民眾黨籌備處發言人林珍羽昨參加《蘋果新聞網》Video Talk節目直播時，爆料組黨秘辛，她說當初在內政部申請組黨時，第一階段網路申請，內政部回傳一個連結來填寫相關申請資料，結果點連結時網站竟發生故障，後來只能用紙本送件，卻接到對方來電，問說發起人是「北市府的那位蔡壁如顧問」嗎？就在諸多巧合之下，當天晚上照片跟組黨消息就在媒體曝光了。日前柯文哲受訪時笑稱是在吃便當的時候決定組黨，要蔡壁如去登記，不過林珍羽今說，其實今年初柯文哲就已經有向相關人士請益組黨議題，看看組黨能否推動台灣進步。針對民眾黨要提名那些不分區立委，林珍羽表示會從五個大方向來參考人選，包括民代與政治人物、媒體、社運、專業文官、企業界代表。同場上節目的素人李婉萍表示，希望能看到北市勞動局長賴香伶、北市財政局長(口誤：已升任副秘書長)陳志銘出現在不分區名單中，因為賴香伶替勞工爭取權益，表現很好；陳志銘在財政局長任內則是替北市府還債500多億，希望能看到他前進國會。近日柯文哲是否會和鴻海集團創辦人郭台銘，以及藍委王金平結盟，也成為政壇熱門話題，昨也同場上節目的北市府顧問周榆修認為，郭柯兩人有不一樣的生命歷程，郭董經營生意、柯文哲則是從醫轉政，一定有可以談的地方，兩人往好的方向合作沒有甚麼不可能。至於柯文哲何時會表態要不要選總統，周榆修表示應該8月底會表態，因為9月17就是連署登記截止日，不可能拖到最後一刻才表態要不要選，所以比較可能是8月底。（張博亭／台北報導）,2019-08-13 00:00:00,生活,https://tw.news.appledaily.com/life/realtime/20190813/1615681/
【品牌被獵巫】中國抵制「台灣台北衣」　COACH、GIVENCHY道歉！,隨著香港反送中情緒升高、台灣明年總統大選，兩岸三地政治氛圍緊張，義大利名牌VERSACE日前因T恤上疑將港、澳列為國家，激怒中國網友。今中國網友再翻出美國品牌COACH（中譯：蔻馳）及法國品牌紀梵希（GIVENCHY）的T恤上也將香港和台灣列出，懷疑品牌支持港獨與台獨，兩大品牌今接連為此道歉。 COACH的T恤與VERSACE相似，同樣列出多個城市及其國家名，其中有台灣台北，而香港和新加坡則自成一列，疑似把香港當成國家。中國網友震怒，留言灌爆COACH官方微博，「麻煩您解釋一下」、「聽說你搞國家分裂」、「你也快涼涼了」、「聽說你也在作死的邊緣」。 未等品牌做出說明，才擔任COACH代言人半個月的中國超模劉雯，上午近11點時首先發表聲明，表示終止與COACH的合作，「任何時候，中國主權和領土的完整神聖不可侵犯！由於我選擇品牌的不嚴謹，給大家帶來了傷害，在這裡我向大家道歉！我熱愛我的祖國，堅決維護中國的主權​​」。此外COACH前任代言人任嘉倫、關曉彤及許魏洲也立刻劃清界線，表示與COACH已無合作。COACH被罵了一整晚後，今天中午12點37分終於發表聲明，表示品牌一貫尊重並維護中國主權及領土完整，「在2018年5月，我們當時發現幾款T恤設計存在重大失誤，我們深刻認識到這次問題的嚴重性，立刻採取緊急措施，主動在全球範圍的所有管道將所涉商品下架」，並強調已經對相關網站的內容進行全面審視及修改。接連2個國際大牌觸到政治敏感神經，中國網友展開獵巫行動，第3個被攻擊的品牌就是紀梵希（GIVENCHY），網友舉報品牌T恤上同樣出現香港及台灣台北。易烊千璽去年10月成為紀梵希美妝代言人，許多死忠粉絲瘋搶商品，一度成為話題，如今紀梵希扯上政治問題，易烊千璽工作室今中午12點半發出聲明，表示對於品牌行為感到極度憤慨，已第一時間向紀梵希發出解約通知並終止合作，強調：「始終堅持一個中國原則，堅決維護國家主權與領土完整！ ​​​​」紀梵希下午2點13分在微博發出聲明：「關於今日引起部分網友討論的海外市場紀梵希印花T恤中的錯誤而引發大家的關注，對此我們深表歉意。對於任何的人為疏忽與錯誤，我們一定立即糾正並引以為戒。紀梵希品牌一貫尊重中國主權，堅決擁護一個中國原則，堅定不移。 ​​​​」另外也有中國網友見到黑影就開槍，舉報Calvin Klein網站將中國與台灣分成2個選項，但由於「Country」除了國家也有地區的意思，說法立刻被打臉。此外無辜中槍的還有DIOR，有中國網友誤以為台灣被放在日本選項下，怒不可遏，但事實上是中國網友誤解圖標的意思，白白生氣一場。（陳明慧／綜合報導）出版時間：08：46更新時間：23:50：49,2019-08-12 23:50:00,娛樂時尚,https://tw.entertainment.appledaily.com/realtime/20190812/1615301/
楊秋興跨海狂掀韓國瑜黑底　「小三、酗酒、夜店是現在進行式」 ,(更新：新增韓國瑜競選總部回應)今遭開除黨籍的前國民黨中評委陳宏昌因力挺總統蔡英文連任，並批評「國民黨怎麼可以提名一個整天打麻將、整天吃喝玩樂抱女人的人當總統」，讓韓國瑜要求陳宏昌三天之內公開道歉否則提告，沒想到，此舉讓遠在美國的高雄縣前縣長楊秋興跨海掀韓國瑜黑底，砲轟「既不賢又不信不睦」，還爆料「小三、酗酒、夜店是現在進行式啊！怎麼告陳宏昌、趙守博呢？」《蘋果新聞網》以LINE傳訊給楊秋興，他未讀未回。對於楊秋興的臉書發文，韓國瑜競選辦總部發言人何庭歡表示，針對特定人士長期以來充滿仇恨式的抹黑，「我們不願意隨之起舞，會請律師團隊蒐證並研究相關的法律責任。」 楊秋興今晚間近10時許在臉書發文痛批國民黨總統參選人韓國瑜，「吳敦義主席最喜歡背誦的禮運大同篇108字，其中最重要的就是『選賢與能、講信修睦』，然今國民黨總統提名人韓國瑜，卻是與禮運大同篇背道而馳，既不賢又不信不睦。」 楊秋興指出，大家都很瞭解韓，韓這個人輕諾寡信，這就違背「信」了，他自稱以前「吃、喝、嫖、賭」樣樣來，那這樣還有「賢」可言嗎？由他入主市政8個月來的表現也可看出韓的不「能」啊？整天耍嘴皮到處敵對那有「睦」呢？ 楊秋興提及，韓國瑜說他不愛錢，「然107、11、17鳳山造勢，承諾他要捐出選舉補助款、結餘款，至今仍空口白話，這不是愛錢什麼才是愛錢呢？」、「韓說20年前多麼的靡孄，現在已改頭換面且還背誦心經，『吃、喝、嫖、賭』都是過去式，但小三、酗酒、夜店是現在進行式啊！怎麼告陳宏昌、趙守博呢？」 楊秋興表示，韓國瑜擅長操作權術，最典型的庶民與權貴二分法正是共產黨的鬥爭方式，尤其申報的現金存款、三十多張儲蓄型保單，高級違規農舍、高級電梯別墅，「他那裡是庶民啊？何況家族當了那麼多屆的議員、立委，他是權貴吧！」 楊秋興透露，韓國瑜還有更大的未爆彈，「北農時期採購案、選舉under table的捐款、會計師簽證的選舉經費，內行人都很清楚，監察院申報單據都已握在民進黨手中，單據申報都確實嗎？這可能還是刑事責任呢？」 至於韓國瑜2001~2009被起底在北京大學唸政府管理學院博士班長達9年，楊秋興說，管理學院是專門培養高級幹部機構，這段期間韓一直以潦倒落魄在山上修行帶過，其實是在大陸潛修，今已落出馬腳，這才是真正問題的嚴重所在啊！ 「難怪蔡衍明動用所有媒體的力量支持韓國瑜，在初選過程？整個黨、中常會被所謂的韓粉把持，自稱韓粉天王的幾位，就是早期民進黨的邊緣人啊，我們知之甚詳！但很遺憾卻影響了黨的決策與走向，吳敦義主席說決不會換韓，但這就暴露出韓的不適仼與國民黨的危機啊！」 楊秋興說，包括美國在台商會早就預料會有換柱2.0，人家有自知之明，既如此韓最了解自己，不要繼續害了黨，害了中華民國，自己尚可保全自己的市長寶座，這才是智慧聰明之舉啊！楊秋興在文末寫著，「雖然遠在他鄉含飴弄孫，但有志之士、雖歸隱山林、心不能安啊！應該是我目前心境的最佳寫照吧！」(曾珮瑛/ 高雄報導)出版時間 23:44更新時間 23:49 ,2019-08-12 23:49:00,政治,https://tw.news.appledaily.com/politics/realtime/20190812/1615815/
【台港停飛1】黑潮癱瘓香港機場！停飛至明08:00　台港線66航班取消,(新增：華航影響人次統計、桃機影響航班架次更新、新增國泰增加13日取消的航班)反修訂《逃犯條例》引發的示威持續，民眾今再發起於香港機場集會，抗議警方使用過度武力，要求政府回應「五大訴求」等，由於航站大樓十分擁擠，機場運作受到嚴重影響，香港機場管理局今16時起宣布，除已完成登機程序的離港航班及正前往香港的抵港航班外，今日其餘所有航班已全部取消。桃機公司統計，預估今日台北-香港航線客貨機共40架次會受到影響。桃園機場公司統計，香港機場因航站因素，目前暫停接受前往香港航班，初步統計桃園機場今日影響航班在客機部分，出境19架次，入境16架次；貨機部分，出境2架次，入境3架次，全部受影響客貨機總計40架次。國泰及國泰港龍航空表示，已獲香港機場管理局通知，由於香港國際機場正舉行公眾集會，所有於今天的離港航班已取消，即時生效。建議乘客延遲非必要行程並不要前往機場。所有即將搭乘航班的乘客，應在前往機場前先查看航班狀況。目前根據香港機場官網公布資訊，今晚6時以後航班已全數取消，其中長榮17：10飛台北航班還顯示正常，其餘後續航班包括長榮、華航、國泰、華信等航空航班已顯示取消，僅一般預計18:50飛往台北的國泰航班CX478有註明改明天早上7時起飛，其餘均未顯示何時可再正常執飛。國泰航空及國泰港龍航空今晚11時多宣佈，由於受香港國際機場今日公眾集會影響，明日(8月13日)往來台灣-香港及其他航線仍有9班取消，建議乘客延遲非必要行程。所有即將搭乘航班的乘客，應在出發前先行查看航班狀況。 8月13日往來台灣-香港航班取消如下：台北-香港 CX463/403/469/445/KA485，香港-台北KA486/CX474，高雄-香港KA451，香港-高雄KA432。初步統計，今日國泰、港龍台港線航班受到取消的共台北-香港9班，香港-台北8班，高雄-香港2班，香港-高雄1班。長榮航空則已發布今、明2天的航班異動資訊，包括今天台北-香港BR871、BR857、BR809、BR827取消；香港-台北BR872、BR858、BR810取消。明天則是台北-香港BR891、BR851、BR867取消；香港-台北BR828、BR892、BR852、BR868取消。粗估約2000名旅客受到影響。中華航空部分，今下列航班取消，CI919/920 台北往返香港、CI935/936 高雄往返香港、CI923/924 台北往返香港、CI927/928 台北往返香港、CI921 台北-香港。明日CI922 香港-台北也取消。華航提醒近期前往香港的旅客，隨時注意華航網站航班異動資訊。華航粗估，今日因取消香港航班，受影響旅客約1800人。華信航空今也公布台中-香港出發航班異動，其中台中往返香港的AE1841/1842/1831/1832都取消，預計影響約400名旅客。知情人士透露，香港機場預計自今日16時以後，除已完成登機程序的離港航班及正前往香港的抵港航班外，其餘所有航班已全部取消，該措施預計會持續到明早8時，過明天8時之後狀況如何，目前都無法確定，得視抗議狀況而定。（甘芝萁／台北報導）出版：17:01新增：23:44,2019-08-12 23:44:00,生活,https://tw.news.appledaily.com/life/realtime/20190812/1615627/
史上第四高！威力彩頭獎開出　台南1注獨得20.47億元,（新增開出頭獎店家說法）已連摃46期的威力彩今晚又將開獎，台彩表示，今晚頭獎將上看20.47億元，是近四年來再度出現20億元以上頭獎獎金，結果威力彩頭獎金額20.47億元在台南市的成功領公益彩券開出，該彩券行地址為台南市北區成功路618號1樓，此次由一人獨得，也是史上第四高單注頭獎金。開出頭獎的台南成功領公益彩券老闆娘老闆龐仲凱說，開業11年都沒開出大獎，很對不起客人，心裡壓力很大，這次終於開出大獎，實在很高興，也希望中獎人好好運用這筆獎金。老闆娘龐太太則表示，最近許多人衝著彩券連續摃龜好幾期、累積龐大獎金而來，店內比平常人多上許多，每天快到開獎時也得排隊，因此對於得獎者沒有印象，過去店內最大獎只開出過百萬大紅包，想不到這次竟開出一人獨得20.47億元，是開店10多年來的最大獎，非常開心。台彩透露，其實這段期間有不少投注彩迷距離頭獎已非常近，像是威力彩7月25日當期開獎，共開出4注貳獎，根據投注系統資料，有民眾自選、花了200元購買2注威力彩，該2注第一區號碼全對中當期獎號，只不過第二區號碼分別選了04以及06，沒對中當期第二區獎號02，獎金瞬間從當期頭獎12.7億元，只獲得兩注貳獎、639萬元。8月5日當期，也同樣有民眾用自選方式購買2注威力彩，全對中第一區6個獎號，但第二區沒對中，同樣也只能獲2注貳獎，獎金瞬間從16.6億元，縮水成近2千4百萬元。根據台彩統計，威力彩從2008年發行以來，僅有4次頭獎在累積超過20億元後才開出，其中1次是2注均分，其他3次皆是1注獨得，其中更有2次是和他人合資購買。台彩表示，如將第二區01到08的號碼一次包下，假使對中第一區的6個號碼，除了對中高額頭獎外，還能一次獲得7注貳獎，對中頭獎機率也將從原先的2200萬分之1，提高至276萬分之1，建議可以合資投注。（朱正庭、黃仲丘、劉榮輝／連線報導）出版時間：14:30更新時間：23:42,2019-08-12 23:42:00,生活,https://tw.news.appledaily.com/life/realtime/20190812/1615504/
【台港停飛7】「黑警還眼」癱瘓香港機場　滯台港人「抗議是對的事情」,香港網友於今日下午1時發起「黑警還眼」行動，聚集眾人擠爆機場，抗議香港警察濫用暴力，抗議現場大批身穿黑衣市民坐滿A區接機大堂，並高舉「警察暴力 天理不容」標語，由於機場大廳和離境大廳已聚集數千人，並且不斷高喊抗議口號。香港機管局於下午4時許，緊急取消香港機場所有航班。 香港機管局表示，赤臘角國際機場運作已嚴重受阻，除了已經辦好登機程序的班機，以及正前往香港的抵港航班外，今日香港機場其餘所有航班全部取消。桃園機場公司估算，桃園機場今天離場預計共21班(客19貨2)受到影響，到場部分，預計剩餘20班(客16貨3)，全部受影響客貨機總計40架次、約7千名旅客行程受到影響。 飛往香港班機宣布取消後，大量搭乘國泰航空的旅客在票務櫃臺前排隊，國泰航空立即發放號碼牌，讓旅客索取號碼牌後不用在現場等待，但擔心無法搭上班機的旅客仍然著急地刷著手機搜尋最新資訊，或透過手機與親友聯繫。由於現場排隊人員眾多，桃園機場公司、航警局也加派人力到現場疏導。 排隊現場不少台灣旅客因香港機場停飛受到影響，一名要到瑞士旅行的台灣旅客表示，出發前還沒接獲消息，到了機場才發現班機取消，還好旅行社緊急安排轉搭泰航，所以行程沒有受到影響，也支持香港民眾抗議的訴求，希望他們繼續加油，小心安全。 另外一名要經香港轉機前往法國的女士指出，因女兒到當地遊學，自己不放心要陪女兒就計畫順道前往法國旅遊，沒有想到因為抗議導致班機取消，還不知道能不能趕上深夜由香港出發的班機，至於香港抗議的部分則不便評論。 至於準備搭機回港的香港旅客心情就不太相同，一名港人見《蘋果新聞網》到場採訪便主動上前，說明反修訂《逃犯條例》引發的抗議示威演進過程，認為香港是中國經濟重要的一環，所以不會有武力鎮壓的狀況；但今天下午到機場靜坐抗議的民眾，可能會引來香港警方進一步的動作，因為香港機場是一個重要的轉運站，為求恢復機場運能，很有可能會在深夜時分將機場關閉、斷絕網路後才開始清理抗議群眾，手法勢必相當粗暴。 他也提到，有人說闖進立法院的人是收了5千港幣，但闖立法院會被判10年重罪；有人說以前英國統治時不能投票，港人都沒意見，為何中國統治後可以投票卻要抗議？那是因為英國政府作得很好，人民反應就馬上改善，中國政府雖然讓我們投票選立法院，但根本不理人民的聲音。2年前說要發給港民每人4000港幣，有人花光了，還有人沒拿到，這是什麼樣的行政效率？還強調「行程受阻沒關係，抗議是對的事情。」另一對帶著孩子出遊的夫妻則無奈地說，本來預計搭乘下午5時許的班機返港，沒想到上了飛機後被通知飛機不能飛了，只好退關出來改票，對於抗議民眾癱瘓機場的行為很不滿，認為不應該影響到其他人。（突發中心黃仲明／桃園機場報導）出版時間 19：56更新時間 23：10,2019-08-12 23:10:00,生活,https://tw.news.appledaily.com/life/realtime/20190812/1615748/
表態願與郭台銘合作　王金平：誰選總統遲早要談,「郭柯王」結盟成形，3人最快本周將會見面，立法院前院長王金平今天首度正面表態，將與鴻海創辦人郭台銘合作。王金平先前表態參選到底，但郭台銘也可能脫黨參選，王金平回應，「遲早要談的啦。」是談誰選正總統？王金平表示，「要一起合作，才會有力量。」媒體追問，還會跟高雄市長韓國瑜見面？王金平表示，「好像沒有這個機會，他們沒有來找我。」至於不當副手，現在態度還是一樣嗎？王金平表示，「彼此要尊重，總要有個結論。」王金平晚間與大直高中公民教師黃益中一同直播，王金平表示，今天是來促進世代交流，兩人是台師大的學長學弟，有很多話題可以聊。何時要跟台北市長柯文哲、郭台銘見面？王金平表示，幕僚們已經在聯繫當中，還沒有告訴他。先前王金平曾說參選到底，但郭台銘也可能會參選，到時候是否會聊到？王金平表示，「遲早總要談的。」是要談誰選「正的」總統？王金平表示，「應該是要、有一個一起合作嘛，共同努力才會有力量。」王金平在直播時被問到郭柯王結盟議題時，引述其他媒體民調指出，第三勢力大結合，「這三人」組合贏蔡英文4％多，贏韓國瑜6％左右，表示社會對這組人有期待，相信3人有共同理想，為台灣、中華民國、為人民，共同有願力要發出來救台灣。王金平表示，綠繼續執政的話台灣會繼續沈淪，藍執政的話也一樣，社會也不安定，會互鬥更厲害，這情況下台灣哪來的安定可言？所以人民期待有第三勢力。王金平表示，台灣要有中道力量才有救，「被點名的這三人都有共同道路跟理想」，希望消弭國內對立，用中道力量處理國家所有事情，讓國人團結一致，一起發展經濟跟建設。王金平指出，台灣面臨危險，現在處於溫水煮青蛙中的狀態，這3人共同結合，未來是人民值得期待的，「應該提出一個論述」，大家接受的話，有信賴感的話，支持度就高，未來看大家如何看待這3人的論述 （黃韋銓／台北報導）發稿時間：2112更新時間：2308（新增內容）,2019-08-12 23:08:00,政治,https://tw.news.appledaily.com/politics/realtime/20190812/1615760/
柯Ｐ指小英處理中國問題「飲鴆止渴」　蔡辦嗆：每天無證據謾罵,台北市長柯文哲形容總統蔡英文處理中國問題方式是「飲鴆止渴」，對長期發展不好，但有短期效果。蔡英文競選辦公室發言人阮昭雄表示，蔡總統的兩岸政策「穩健」且「堅定」，不挑釁也不屈服。阮也批評，柯文哲該向對岸清楚表達立場的時候不說話，反倒是柯文哲當了民眾黨主席後，每天對內無差別、無證據不斷謾罵。 《中央社》報導，柯文哲接受年代電視「新聞面對面」專訪表示，他也曾被中國要求說一些話，但他守住底線，因為台灣仍有自己的主體性。柯還說，旺旺一開始也支持他，但他「不是那麼聽話」，有自己的底線，台灣還是要維持主體性，需要一個保持清醒頭腦處理中國問題的人。 對於蔡英文處理中國問題方式，柯文哲指出，「飲鴆止渴」，對長期發展不好，但有短期效果。柯說，他在香港反送中遊行時，如果踹中國一腳，民意調查也會上升，但對長期沒好處。 至於2020年總統選戰，柯文哲表示，還是支持鴻海創辦人郭台銘，「小英的話，兩岸關係要怎麼搞下去？沒棋了，到底下一步怎麼辦？」不希望與中國對抗，但也不希望台灣賣給中國。 對於柯文哲的談話，阮昭雄強調，蔡總統的兩岸政策「穩健」且「堅定」，不挑釁也不屈服，但是不挑釁，絕非中國強推「一國兩制」的時候選擇不說話。 阮昭雄說，蔡總統作為國家領導人，清楚表達國家立場，不讓對岸誤判，也不讓國際社會認為台灣沒有守護自己的決心，這才是一個負責任的執政者應該有的態度，這幾年，台灣也是國際普遍認同的可靠夥伴。（政治中心／台北報導） ,2019-08-12 23:07:00,政治,https://tw.news.appledaily.com/politics/realtime/20190812/1615808/
【私菸案查真相】檢調首次直搗總統府侍衛室　約談10多人,台北地檢署偵辦國安局私菸案，動作不停歇，據了解專案小組今赴總統府侍衛室調取資料，同時到華航搜索空品處某經理辦公室，並同步約談華航與軍方10餘人，這是專案小組第一次到總統府侍衛室調資料，而今天檢調也再度提訊遭收押禁見的國安局少校吳宗憲及遭交保的華航空品處代理組長黃川禎，預計訊後將陸續移送北檢。晚間1名曾任華航空品處經理的華航員工沈珉被移送北檢複訊，據悉檢調要查「機邊交貨」是誰放行的，將向上溯源。所謂的「機邊交貨」指的是，菸品沒上飛機，直接從倉庫被運走，可規避海關查驗，而一般乘客預購機上免稅菸品，菸品都會跟著上飛機，旅客取貨後也要通關，若有超量很有可能被查獲而遭沒收或裁罰。交通部8月2日公布華航提交的行政調查報告，更揭露總統專機免稅菸品未依規定上飛機，而改採違法的「機邊交貨」模式始於2016年3月前總統馬英九任內最後一次出訪中美洲的「久安專案」。這起國安特勤走私免稅菸案自7月22日爆發以來，北檢已陸續訊問國安局、華航相關團購私菸者，截至目前共14人被列為被告，其中包括華航空品處前副總邱彰信涉犯圖利罪嫌被以70萬元交保、前資深副總羅雅美則以被告身分暫先請回，國安局少校吳宗憲、張恒嘉則因涉貪污罪遭收押禁見。 而新任國安局長邱國正2日開記者會報告檢討進度時更預告會對私菸案「下重手」，據透露，76名涉私菸案的國安特勤人員，將全數調離現職；首波調離的20人，都是負責蔡總統近身維安的永和警衛室特勤幹部及官員。 國安局在2日提出的檢討報告指出，私菸案76人涉案，包括國安局本部4人、特勤中心19人、特勤訓練中心2人、侍衛室49人、憲兵警衛大隊2人。據透露，首波調職人員20人，已達永和警衛室現有人員近1/5；遭調職最高職位是永和警衛室少將主任陳逸夫，調回陸軍司令部擔任委員一職；永和警衛室警情組長楊文津上校調回海軍任職。(法庭中心/台北報導)出版時間：17：13更新時間：22：55,2019-08-12 22:55:00,社會,https://tw.news.appledaily.com/local/realtime/20190812/1615590/
崔佩儀XXXL→M　雪豬靈之恥爆哭,54歲昔日花系列女星崔佩儀半年狂剷18公斤，從84公斤瘦到66公斤，今（12日）出席代言活動，分享瘦身的心路歷程，見兒子貝克宇到場祝賀，並喊話「沒有人可以說我媽胖，我最討厭別人說我媽胖，花系列女主角回來了」，崔佩儀三度落淚，泣不成聲，眼線都哭花。老公Sam雖在工作無法到場，但託兒子送上價值約7位數的卡地亞手錶，以及兌現當初鼓勵老婆「瘦1公斤就給1萬美金（約30萬台幣）」的承諾，送出一張520萬台幣支票，全場驚呼。 崔佩儀當年演出花系列約48公斤，2001年和老公Sam結婚後，身高169公分的她，體重一路飆升到84公斤，體脂甚至高達53%，不僅身體出問題，有「中度脂肪肝」，還被命理老師說前世是「豬靈」，讓她下定決心剷肉。今記者會上想起當時被說是「豬靈」，打電話給經紀人泣訴「我要瘦身，我不要被講成豬靈」的過程，仍忍不住哽咽，當場落淚。崔佩儀直說「以後不要再說我胖、是一隻豬，很傷人」，且誓言「我一輩子不要再胖了，我發誓」。 對於當初傷人的命理老師，崔佩儀已從氣憤轉念表示：「謝謝他，如果沒有他，我不可能瘦下來。」且未來不排斥和對方同台。貝克宇則透露當初看媽媽因「豬靈」二字而崩潰，哭到衛生紙一包接一包，曾氣到想找命理老師理論，但如今看媽媽成功甩肉，貝克宇稱「現在很謝謝他」，打趣說：「媽媽以前走過像地震，現在像一陣風。」讓崔佩儀哭笑不得。 崔佩儀從過去XXXL衣服，成功穿回M號衣，力甩「大媽感」，重返溫柔小女子，晚上和老公也找回從前談戀愛的甜蜜感，聊到房事，一旁貝克宇害羞摀住耳朵，崔佩儀笑說：「夫妻永遠要靠經營，女人要做溫柔的小女人，他需要什麼我都配合他。」 崔佩儀表示，老公Sam已從郭台銘旗下公司跳槽，現還是在電子產業，但未透露現在公司，僅說：「Sam很忙，每天5點起床，忙到黑髮變白髮。」一家3口預計下周到美國度假。（黃盈容／台北報導） 出版時間 13:47更新時間 22:51,2019-08-12 22:51:00,娛樂時尚,https://tw.entertainment.appledaily.com/realtime/20190812/1615435/
【台港停飛3】香港機場今取消全數航班　桃機旅客排隊改票,為了抗議香港警察濫用暴力，香港網友於今日下午1時發起「黑警還眼」行動，希望以聚集眾人擠爆機場作宣傳。行動開始前半小時，大批身穿黑衣市民已坐滿A區接機大堂，有市民舉起「警察暴力 天理不容」標語，而且人數不斷增加，機場大廳和離境大廳已有數千人聚集，不斷高喊抗議口號。也因如此，今日香港機場其餘所有航班全部取消；桃園機場公司接獲訊息後，下午4時30分緊急召開應變會議，以因應台港航班取消後，滯留旅客安排等後續工作。 香港機管局表示，赤臘角國際機場運作已嚴重受阻，除了已經辦好登機程序的班機，以及正前往香港的抵港航班外，今日香港機場其餘所有航班全部取消。桃園機場公司接獲訊息後，已於下午4時30分緊急召開應變會議，並於稍晚發布正式新聞訊息。 目前初步估算，桃園機場今日影響航班經統計後，離場預計共21班(客19貨2)受到影響，到場部分，預計剩餘20班(客16貨3)，全部受影響客貨機總計40架次、約7千名旅客行程受到影響。飛往香港班機宣布取消後，國泰航空的票務櫃臺前排滿旅客，國泰航空也呼籲旅客出發前先察看班機情況，如果要處理票務狀況，在台灣可撥打室內電話02-8793-3388。（突發中心黃仲明／桃園機場報導）出版時間17：41更新時間22：50 ,2019-08-12 22:50:00,生活,https://tw.news.appledaily.com/life/realtime/20190812/1615665/
陸媒披露大量武警車輛深圳集結　網友：想港中捉鳖？,中國媒體今天曝光，深圳不少市民上周六拍攝到武警車隊，包括大量裝甲車及水炮車，在深圳集結的畫面，這批武警車輛主要集中在羅湖等地，有人推測，武警集結是為了參加廣東公安夏季大練兵。但也有中國網友質疑「是不是想港中捉鳖」。中共黨媒《人民日報》傍晚6時在臉書（facebook）粉絲專頁上傳「大批武警車隊深圳集結被曝光」的影片。拍攝視角明顯經過精心設計，看得出來是官方刻意製作的影片。廣東省公安廳近日在全省舉行夏季練兵，為建國70周年做好安保工作，日前移師深圳，出動超過1萬人展開代號「深圳亮劍」行動，不過巧合的是，模擬行動中衝擊防線的示威者，身穿黑衣及戴頭盔，恰巧與香港反修例示威者的穿戴相若。中國武警法規定，武警部隊參加處置暴亂、騷亂、嚴重暴力犯罪事件、恐怖襲擊事件和其他社會安全事件。儘管有指，此次武警集結是為了參加廣東公安夏季大練兵。但中共黨媒觀察者網發布武警深圳集結畫面時，影片字幕使用繁體中文以及英文，有中國網友揣測莫非是刻意給香港人觀看。有微博網友質疑「繁體+英文是我想的那個意思嗎？」也有人指出，「#武警車隊深圳集結#今天（香港）機場停飛，是不是想港中捉鱉啊」。（大陸中心／綜合外電報導） 跟上國際脈動，快來蘋果國際臉書按讚初稿：18:10更新：22:49 (新增內容),2019-08-12 22:49:00,國際,https://tw.news.appledaily.com/international/realtime/20190812/1615678/
反送中抗爭擴大　鄭文燦：國家暴力對港居民,桃園市長鄭文燦本月6日出訪日本，於今晚搭機返台，鄭文燦在機場受訪時表示，此行主要是因為千葉縣跟桃園市締結友好交流城市3週年，所以前往拜訪千葉縣廳跟森田知事，並敲定了未來在體育、文化、教育、觀光各方面的交流方向，同時也走訪了成田市、銚子市及白井市等不同城市。對於香港反送中抗爭擴大，鄭文燦說，香港政府採取的手段，事實上是接近鎮暴的方式，用國家暴力或者是用其他的手段來面對香港居民的抗議。 鄭文燦指出，訪日期間也拜訪了多位重量級的國會議員，他們都對台灣民主、台灣經濟、台灣未來的發展表達高度關切及支持，希望能夠為桃園市跟日本在未來的城市交流、拉近台日之間距離的部分盡一份力。 媒體問及香港反送中越來越擴大，市長如何看？鄭文燦說，在日本時看了很多相關媒體的報導，整個發展有擴大的趨勢。香港政府採取的手段，事實上是接近鎮暴的方式，用國家暴力或者是用其他的手段來面對香港居民的抗議。 香港的居民及香港的大學生，他們的訴求是希望香港能夠走向真正的民主，能夠尊重自由、民主、人權。這是全世界都關注的焦點，這次事件是香港民主的分水嶺，希望全世界的民主國家都要支持香港、挺香港，讓香港特區政府與北京政府要受到更大的壓力。 利奇馬颱風剛走，有人將桃園市長鄭文燦及高雄市長韓國瑜相提並論，對此說法，鄭文燦強調，市政跟選舉要分清楚輕重緩急。首長出訪遇到颱風，不只是透過Line或視訊掌握狀況，也都會提早回來。 這次桃市府對災情的判斷，因為當天很早就聯絡過。當時颱風北移50公里，後來看到這樣的過境方向，就按照既有的行程，這是有SOP的。坦白講，如果遇到了災情，所有的首長反應是一樣的，就是會快回來。（突發中心黃仲明／桃園機場報導）,2019-08-12 22:46:00,政治,https://tw.news.appledaily.com/politics/realtime/20190812/1615797/
網紅連千毅下戰帖　吳宗憲「會檢討自己」,吳宗憲日前在YouTube頻道「JackyWu's VLOG」上傳影片嗆聲，「現在的網紅沒素養」，事後網紅連千毅開直播反擊吳宗憲：「憲哥你直播有沒有8萬人過？你知道我直播最多有400萬人？」還揚言要和吳宗憲開直播比人數。對此吳宗憲今錄中天《小明星大跟班》坦言自己禍從口出，「在這行業經常得罪人，有什麼失禮之處請多原諒，我也會檢討我自己」。 對連千毅下戰帖要比直播人數，吳宗憲則認為沒必要，「有機會我再來看一下，因為我沒有看過人家的直播，留言還要先填資料」，表示自己跟網紅這群人和蔡阿嘎也都是好朋友，「每人都有不一樣走紅的地方，現在電視出現的新人幾乎沒有，都是網路出現的人，以前我們是好鬥，但沒有必要為了提升自己去影響別人」。提到謝忻24日將復出和胡瓜一起參加公益活動，吳宗憲也勉勵說：「加油啦。」（蔡維歆／台北報導）出版時間 15:07更新時間 22:36 ,2019-08-12 22:36:00,娛樂時尚,https://tw.entertainment.appledaily.com/realtime/20190812/1615508/
港逾300示威者包圍警總　要求交代811警暴,香港昨天反送中運動出現多起警方濫捕、濫使暴力的事件，其中尖沙嘴有妙齡女子遭警察布袋彈射傷右眼，可能失明，警方殘暴手法激發更多民怨。今晚逾400黑衣人灣仔警察總部外，要求警方交代，並促港府成立獨立調查委員會追究警暴。晚間9時許，部分人向灣仔方向散去，現場仍有約百人。另外，原定於今早發起堵塞港鐵不合作運動，網傳活動延至明日舉行，並稱會一連4天堵塞港鐵荔景站、九龍塘站及北角站。由香港家庭福利會職工會和香港基督教女青年會職工會等30多個社福界工會，及關注組組成的「反送中社福聯合陣線」，今（12日）晚上7時半發起包圍灣仔警察總部「追究811警暴行動」，抗議警方昨晚拘捕手法。示威群眾身穿黑色上衣，在警總外要求警方交代，以及促港府成立獨立調查委員會追究警暴。現場畫面看這裡：果燃台香港《蘋果》facebook香港《蘋果》YouTube頻道22:30集會人士在警總外逗留約2小時，在晚上10時之前陸續散去，期間高呼口號，又向警員宣讀警察誓詞。21:15在場社工不斷高叫「香港警察，知法犯法」口號，舉起寫有「香港警察企圖謀殺」標語，要求警方代表收信。警方提出從水馬縫隙收信，引起在場社工不滿，叫喊「出來收！」部分人向灣仔方向散去，現場仍有約百人。20:47反送中社福聯合陣線代表到警總，投訴昨晚有警員在地鐵站大堂內發射催淚彈，危及市民安全。社工羅小姐和兩名志工今晚6時到達警署，花約兩小時才完成所有程序，她指原打算到投訴課求助，但過程中不斷有警員「唬弄」樓層位置，使她無所適從。最終她決定到報案室報案，但只有一名警員處理並放慢手腳，令報警過程花兩小時才完成。20:37警總外仍有近百名市民聚集，現在部份人仍走出馬路，佔據駱克道和軍器廠街的車道。20:21警署警長岀來接收投訴信，在場人士大叫「知法犯法」、「黑社會」。現場人士遞信後在水馬陣外貼上「香港警察企圖謀殺」等標語後陸續返回人行道。警方設胡椒噴劑戒備。20:21警方最初要求社工代表，將信件從水馬陣的罅隙遞給警方代表，集會人士拒絕，堅持留在馬路，雙方僵持十多分鐘後，警方派代表走出水馬陣接信。20:00有在場人士衝出灣仔警察總部外馬路，並佔據兩條行車線，聲言要向警方遞請願信。有警察在水馬內警告現場人士參與未經批准集結，要求他們立即離開。警總內現有數名防暴警員持長盾戒備。19:57警方不斷指在場人士參與未經批准的集結， 違反香港法例，要求立刻離開。在場人士大叫「你們違反了多少法例」、「收信」，重申不是集結，目的是要報案和遞交投訴信。（大陸中心／綜合外電報導） 跟上國際脈動，快來蘋果國際臉書按讚 ,2019-08-12 22:30:00,國際,https://tw.news.appledaily.com/international/realtime/20190812/1615759/
亂用「非致命性武器」多危險？　法黃背心運動瞎了24名示威者,"香港警方昨天在尖沙嘴疑似違規以布袋彈瞄準一名黑衣少女的頭部發射，造成她的右眼爆裂，傷口更由眼睛一路撕裂至鼻腔內，右眼內側的眼骨及面頜骨及鼻骨，均有裂開，隨時有失明風險。其實即使是橡膠子彈等所謂「非致命性武器」，若不當使用仍是會要人命，或是造成永久傷殘。像是法國各地從去年11月起曾爆發大規模反政府示威「黃背心運動」，鎮暴警察使用水砲、震撼彈和催淚彈壓制示威者，整場運動有2200名示威者受傷，至少24人失去眼睛。美國有線電視新聞網（CNN）報導，布雷登斯坦（David Breidenstein）在今年3月的示威中失去左眼，他表示當時一些激進示威者縱火焚燒代表法國財富及權力象徵的「Le Fouquet's」餐廳，當火勢開始蔓延，他想盡快離開現場，但當他回頭觀望鎮暴警察時，左眼便被如高爾夫球般大的橡膠子彈擊中，「它（子彈）感覺就像一塊水泥，我隨即倒地，想到『我會失明，完了』」。布雷登斯坦表示受傷後兩個月都不願拉開窗簾，因為他感覺在黑暗中較舒適。雖然他失去了一隻眼睛，但他並不後悔參加示威，反而遺憾因為受傷令他無法再上街示威。而在法國國慶日，法國總統馬克宏聯同多國領袖在巴黎出席慶祝活動，布雷登斯坦也前往巴黎參加示威。39歲建築工人羅德里格斯（Jerome Rodrigues）今年1月在巴黎巴士底廣場直播遊行時受傷，一枚震撼彈在他腳邊爆炸，又被橡膠子彈擊中了右眼。他的眼球縫了17針，眼瞼亦縫了4針，現在連基本日常活動都變得困難，「當我想自己倒水時，必須同時抓住杯子及水瓶」，「我經常要伸長脖子，留意我右邊的情況，有時候我會被右邊突然出現的人嚇倒，這就是我現在的生活」。但他亦與布雷登斯坦一樣，受傷並未嚇退他，仍決定參加示威行動。曾任軍人及警員佛斯蒂耶（Olivier Fostier）在示威中被催淚彈碎片擊中右眼眼窩導致右眼失明，現在經常戴著太陽眼鏡遮蓋右眼。他稱自從右眼失明後，不願出席社交聚會，只會選擇晚間才外出，「別人盯著你，他們會將你當作受害者或挑起麻煩的人」，亦坦言受傷影響了他與妻子的關係。他批評當日鎮暴警察過度使用武力，形容自己只是一個示威者，並非「暴徒」或蒙面的無政府主義者。黃背心運動最初是為了反對政府徵收燃油稅，不過後來上街的民眾人數越來越多，正式演變成反政府的運動。全國各地爆發暴力衝突，示威者投擲汽油彈和磚頭，鎮暴警察則使用水砲、震撼彈和催淚彈鎮壓。今年3月法國內政部公布在整個運動中有2,200示威者、1,500警察受傷。對此，聯合國及歐盟曾批評法國鎮暴警察過度使用武力鎮壓示威人士，專門調查警方執法的機構「IGPN」已開始調查220起有關警方行為的個案。（國際中心／綜合外電報導）跟上國際脈動，快來蘋果國際按讚",2019-08-12 22:23:00,國際,https://tw.news.appledaily.com/international/realtime/20190812/1615785/
蘋果西打遭假交易掏空8.8億　老總遭起訴,以生產「蘋果西打」聞名的大西洋飲料公司（簡稱大飲，股市代號1213），因去年財報難產等問題，引爆公司資產遭掏空弊端，新北地檢署查出，大飲公司實際負責人、總經理孫幼英和財務經理鍾素娥涉嫌以土地買賣、假交易等方式，掏空大飲資產高達8.8億多元，今依違反《證交法》特別背信、財務報告不實與《商業會計法》明知為不實事項而填製會計憑證罪等罪嫌將2人起訴。在押的孫幼英起訴後，被檢方移送法院審理，新北地院召開接押庭後，開庭時孫僅承認部分犯行，新北地院考量她涉嫌《證交法》、《商業會計法》等罪嫌重大，犯罪金額高達8億多元，又常持有美國護照進出我國而有逃亡之虞，但仍認為今晚12時前若交保2千萬元，應可確保她出庭接受審判，孫也須交出本國及美國等所有護照，限制住居出境出海，不能接觸本案任何證人，每天下午2時至5時到大安分局敦南派出所報到，否則仍羈押，但不禁見。反對孫幼英交保的到庭檢察官表示，若孫今晚獲得交保，將會提出抗告。不過孫幼英直到晚間10時許仍籌不出2千萬保金，因此被還押看守所。起訴指出，74歲的孫幼英從1994年開始擔任大飲公司的常務董事與總經理，也是大飲公司的實際負責人，孫女同時身兼國信食品、旭順食品的實際負責人。鍾素娥則為大飲公司的財務經理，身兼國信、旭順公司的財務會計經理，兩人掌控國信、旭順公司的人事、財務與業務經營。 由於國信食品積欠慶豐銀行債務，遭新北地院判決應還3.91億元，並在去年5月底被通知要以11億多元拍賣國信位在新北市新店區的土地償債。孫女為了救國信免遭拍賣土地，便佯稱大飲要增設中南部轉運中心、有生產果汁業務所需，要分別向旭順、國信買地，便和鍾女指示大飲董事會決議以1.6億元與2.4億元，分別購買旭順、國信位於台南市佳里區、高雄市湖內區的土地。 但國信高雄湖內的土地已經設定鉅額抵押權，孫、鍾2人仍以估價報告的價格做為簽約價格，甚至在土地還沒移轉登記前，就先各支付1.57億元、2.35億元給旭順、國信，好讓國信可以開出5.95億多元的支票給慶豐銀行還債。另外，2人再要國信以高雄湖內土地抵押給大飲作為借款擔保，向大飲借款7810萬元，好協助國信位在新店的土地被賣。 不料，去年8月間國信漏未計算和慶豐銀行的訴訟裁判費及其他債務尾款共1.5億多元，孫、鍾2人卻明知國信的新店土地已經設定最高債權總額5500萬元，仍以2.4億元讓大飲賣下國信新店的土地，並在簽約後馬上轉匯1.55億元給國信。 在經過將土地「左手賣右手」的交易之後，旭順、國信仍無力繳納土地增值稅，而無法辦理移轉登記，孫、鍾於是指示大飲董事會決議，由大飲負擔土地增值稅，大飲因此支付3302萬多元的土地增值稅。旭順、國信則直到今年3月底，才將台南佳里、高雄湖內的土地移轉登記到大飲名下。 到了去年底，國信向大飲貸款總額已累計達1億多元，逼近「公開發行公司資金貸與及背書保證處理準則」以及大飲內部自訂的「資金貸與他人作業程序」所規定的「個別資金貸與限額不超過公司淨值20％」上限，但孫、鍾卻還指示董事會決議取消已經付款1.55億元的新店土地交易案，並直接將這筆錢轉為國信向大飲的借貸，讓國信每月還款金額由20萬元提高至40萬元，並分32年還款。連串詭異的土地交易，讓會計師在去年對大飲的財報做出「無法表示意見」的結論，大飲的股票因此在今年4月被證券交易所停止交易，也引起檢調注意。 檢調介入調查大飲是否遭到掏空後，更查出大飲公司製作飲料的糖，明明就不是向金寶城等8家原料供應商進貨，孫幼英卻從2013年至2019年3月間，用「假進貨、真付款」的手法，假裝大飲有透過國信、旭順向金寶城等8家原料商進貨糖原料，而付貨款給國信、旭順，再由國信、旭順以開支票、匯款等方式，將錢轉到自己的口袋內私用，6年多來不法侵占大飲公司1億336萬多元。 孫、鍾2人在偵查期間均否認犯行，辯稱公司所有決策都是通過董事會決議才進行，並非他們所主導。不過檢方查出，大飲公司的從董事長江國貴到獨立董事等多人，都只是掛名，並未實際參與公司營運等事務，等同於人頭，大飲公司事務都是由孫、鍾2人決策後，董事會再形式上開會、決議，檢方因此認定大飲公司遭孫、鍾2人以非常規交易、違反法令將公司資金貸與他人等方式，蒙受高達8億8346萬多元的損失，因此不採信2人辯詞，今依違反《證交法》特別背信、董事經理人違反法令將公司資金貸與他人、財務報告不實與《商業會計法》明知為不實事項而填製會計憑證等罪嫌起訴。 另外，遭列為同案被告被約談偵辦的大飲董事長江國貴與獨立董事林偉強、蘇芸樂等9人，則因罪證不足均獲不起訴。（游仁汶／新北報導） 【更多精彩新聞，請看《蘋果陪審團》粉絲團】新增時間 14:34更新時間 22:23（孫幼英覓保無著還押）,2019-08-12 22:23:00,社會,https://tw.news.appledaily.com/local/realtime/20190812/1615493/
《天氣之子》香港票房奪冠　日本朝百億大關挺進,日本動畫大師新海誠的最新作品《天氣之子》，上周在香港上映後勇奪票房冠軍，不少香港影迷映後紛紛上網路分享心得，大讚「比《你的名字》更扣人心弦」、「絕美畫面搭配台詞的純愛故事，完美展現天空的神祕魅力」，展現新海誠獨特美學與世界觀，後續票房走勢看漲。 《天氣之子》劇情敘述帆高在高一夏天離開離島的家鄉，獨自來到東京，並到專門出版奇怪超自然刊物的出版社擔任寫手。後來東京開始下起連日大雨，到處取材的帆高邂逅了與弟弟相依為命的美少女陽菜，沒想到她竟擁有「改變天氣」的奇妙能力。 《天氣之子》除在香港票房告捷，日本票房本周也已突破75億日圓（約21.7億元台幣），暑假結束前有望跨越100億日圓票房大關，新海誠也被看好成為繼宮崎駿後，締造連2部作品突破百億日圓票房紀錄的第一人。 《天》片不但強勢入選多倫多國際影展，日本片商也宣布該片將在印度上映，成為繼坎城金棕櫚獎得獎作品《小偷家族》與《七龍珠超：布羅利》後，再度成功進軍印度院線上映的日本電影作品。《天氣之子》下月12日全台上映。（蘇威全／綜合報導） ,2019-08-12 22:11:00,娛樂時尚,https://tw.entertainment.appledaily.com/realtime/20190812/1615705/
